index,Question,A,B,C,D,answer,options,zh,en
105,从这些饮食思想出发，中国人选择了“五谷为养、五果为助、五畜为益、五菜为充” 为饮食结 构，其中“五果”是指,李、杏、枣、桃、栗,李、杏、蕉、橘、柿,李、杏、枣、桃、柿,李、杏、蕉、桃、栗,A,"A. 李、杏、枣、桃、栗
B. 李、杏、蕉、橘、柿
C. 李、杏、枣、桃、柿
D. 李、杏、蕉、桃、栗","下一个问题是关于中国的饮食文化。
从这些饮食思想出发，中国人选择了“五谷为养、五果为助、五畜为益、五菜为充” 为饮食结 构，其中“五果”是指
A. 李、杏、枣、桃、栗
B. 李、杏、蕉、橘、柿
C. 李、杏、枣、桃、柿
D. 李、杏、蕉、桃、栗","The next question is about China's food culture.
Based on these dietary ideas, the Chinese chose the dietary structure of ""five grains for nourishment, five fruits for assistance, five animals for benefit, and five vegetables for filling"", among which the ""five fruits"" refer to
A. plum, apricot, jujube, peach, chestnut
B. plum, apricot, banana, orange, persimmon
C. plum, apricot, jujube, peach, persimmon
D. plum, apricot, banana, peach, chestnut"
106,我国酒器之多，种类之繁，造形之美，堪为世界之冠。商周时期酒器尤为复杂，其中不包括,盛酒器,饮酒器,分酒器,煮酒器,C,"A. 盛酒器
B. 饮酒器
C. 分酒器
D. 煮酒器","下一个问题是关于中国的饮食文化。
我国酒器之多，种类之繁，造形之美，堪为世界之冠。商周时期酒器尤为复杂，其中不包括
A. 盛酒器
B. 饮酒器
C. 分酒器
D. 煮酒器","The next question is about China's food culture.
my country's wine vessels are the most numerous, diverse, and beautiful in shape in the world. Wine vessels during the Shang and Zhou dynasties were particularly complex, which did not include
A. Wine containers
B. Drinking vessels
C. Wine dispensers
D. Wine cookers"
107,伊尹与商汤关于烹调方面的对话，就是饮食文化史上最早的文献,《吕氏春秋·本味》,《论语·乡党》,《尚书·酒诰》,《礼记·内则》,A,"A. 《吕氏春秋·本味》
B. 《论语·乡党》
C. 《尚书·酒诰》
D. 《礼记·内则》","下一个问题是关于中国的饮食文化。
伊尹与商汤关于烹调方面的对话，就是饮食文化史上最早的文献
A. 《吕氏春秋·本味》
B. 《论语·乡党》
C. 《尚书·酒诰》
D. 《礼记·内则》","The next question is about China's food culture.
The conversation between Yi Yin and Shang Tang about cooking is the earliest document in the history of food culture
A. ""Lüshi Chunqiu·Benwei""
B. ""The Analects·Xiangdang""
C. ""Shangshu·Jiugao""
D. ""Book of Rites·Nei Ze"""
108,现代宴会礼仪不包括,宴会饮酒礼仪,吃甜品礼仪,宴会饮食方礼仪,饮茶礼仪礼仪,B,"A. 宴会饮酒礼仪
B. 吃甜品礼仪
C. 宴会饮食方礼仪
D. 饮茶礼仪礼仪","下一个问题是关于中国的饮食文化。
现代宴会礼仪不包括
A. 宴会饮酒礼仪
B. 吃甜品礼仪
C. 宴会饮食方礼仪
D. 饮茶礼仪礼仪","The next question is about China's food culture.
Modern banquet etiquette does not include
A. Banquet drinking etiquette
B. Etiquette for eating desserts
C. Banquet food etiquette
D. Etiquette for drinking tea"
109,下列菜肴中，不属于淮扬菜名菜的是,三套鸭,蟹粉狮子头,大煮干丝,汤爆双脆,D,"A. 三套鸭
B. 蟹粉狮子头
C. 大煮干丝
D. 汤爆双脆","下一个问题是关于中国的饮食文化。
下列菜肴中，不属于淮扬菜名菜的是
A. 三套鸭
B. 蟹粉狮子头
C. 大煮干丝
D. 汤爆双脆","The next question is about China's food culture.
Which of the following dishes is not a famous Huaiyang dish?
A. Three-piece duck
B. Crab meat and lion head
C. Boiled dried shredded vegetables
D. Double crispy soup"
110,从这些饮食思想出发，中国人选择了“五谷为养、五果为助、五畜为益、五菜为充”为饮食结构， 其中“五畜”是指,牛、羊、猪、鸡、犬,牛、羊、鹅、鸡、鸭,牛、羊、兔、鸡、鸭,牛、羊、猪、鸡、鸭,A,"A. 牛、羊、猪、鸡、犬
B. 牛、羊、鹅、鸡、鸭
C. 牛、羊、兔、鸡、鸭
D. 牛、羊、猪、鸡、鸭","下一个问题是关于中国的饮食文化。
从这些饮食思想出发，中国人选择了“五谷为养、五果为助、五畜为益、五菜为充”为饮食结构， 其中“五畜”是指
A. 牛、羊、猪、鸡、犬
B. 牛、羊、鹅、鸡、鸭
C. 牛、羊、兔、鸡、鸭
D. 牛、羊、猪、鸡、鸭","The next question is about China's food culture.
Based on these dietary ideas, the Chinese chose the dietary structure of ""five grains for nourishment, five fruits for assistance, five animals for benefit, and five vegetables for filling"", where ""five animals"" refer to
A. cattle, sheep, pigs, chickens, dogs
B. cattle, sheep, geese, chickens, ducks
C. cattle, sheep, rabbits, chickens, ducks
D. cattle, sheep, pigs, chickens, ducks"
111,下列关于山西风味说法错误的是,山西风味的基本味型，以咸香为主，甜酸为辅,山西大厨炒菜不过油，不换锅，芡汁现炒现兑，急火短炒，一锅成菜,山西风味，具有油大色重，口味咸鲜偏酸,山西民间以“十八碗”为代表，盛行经济实惠的蒸菜,B,"A. 山西风味的基本味型，以咸香为主，甜酸为辅
B. 山西大厨炒菜不过油，不换锅，芡汁现炒现兑，急火短炒，一锅成菜
C. 山西风味，具有油大色重，口味咸鲜偏酸
D. 山西民间以“十八碗”为代表，盛行经济实惠的蒸菜","下一个问题是关于中国的饮食文化。
下列关于山西风味说法错误的是
A. 山西风味的基本味型，以咸香为主，甜酸为辅
B. 山西大厨炒菜不过油，不换锅，芡汁现炒现兑，急火短炒，一锅成菜
C. 山西风味，具有油大色重，口味咸鲜偏酸
D. 山西民间以“十八碗”为代表，盛行经济实惠的蒸菜","The next question is about China's food culture.
Which of the following statements about Shanxi flavor is incorrect?
A. The basic flavor of Shanxi flavor is mainly salty and fragrant, supplemented by sweet and sour.
B. Shanxi chefs do not add oil to cooking, do not change the pot, stir-fry the sauce immediately, stir-fry over high heat for a short time, and cook the dish in one pot.
C. Shanxi flavor is characterized by heavy oil and color, and the taste is salty, fresh and sour.
D. Shanxi folks are popular with economical and affordable steamed dishes, represented by ""Eighteen Bowls""."
112,下列不属于随园菜特点的是,注重原料选择和搭配,讲究色、香、味、形、器及进食艺术,极其讲究富贵和滋补,注重筵席,D,"A. 注重原料选择和搭配
B. 讲究色、香、味、形、器及进食艺术
C. 极其讲究富贵和滋补
D. 注重筵席","下一个问题是关于中国的饮食文化。
下列不属于随园菜特点的是
A. 注重原料选择和搭配
B. 讲究色、香、味、形、器及进食艺术
C. 极其讲究富贵和滋补
D. 注重筵席","The next question is about China's food culture.
Which of the following is not a characteristic of Suiyuan cuisine?
A. Focus on the selection and matching of raw materials
B. Pay attention to color, fragrance, taste, shape, utensils and the art of eating
C. Pay great attention to wealth and nourishment
D. Focus on banquets"
113,下列不属于液态介质导热制熟的方法的是,氽溜,白焯,蒸馏,炸烹,C,"A. 氽溜
B. 白焯
C. 蒸馏
D. 炸烹","下一个问题是关于中国的饮食文化。
下列不属于液态介质导热制熟的方法的是
A. 氽溜
B. 白焯
C. 蒸馏
D. 炸烹","The next question is about China's food culture.
The following is not a method of cooking by heat conduction of liquid medium
A. Blanching
B. Boiling
C. Distilling
D. Deep-frying"
114,满族传统名菜有,黄氏蒸鸡,莲花鸡签,一品锅,白肉血汤,D,"A. 黄氏蒸鸡
B. 莲花鸡签
C. 一品锅
D. 白肉血汤","下一个问题是关于中国的饮食文化。
满族传统名菜有
A. 黄氏蒸鸡
B. 莲花鸡签
C. 一品锅
D. 白肉血汤","The next question is about China's food culture.
The famous traditional Manchu dishes include
A. Huang's Steamed Chicken
B. Lotus Chicken Skewers
C. Yipin Pot
D. White Meat and Blood Soup"
115,首先研制“红楼菜肴〞，打出“红楼宴〞牌子的是,南京的金陵饭店,北京的红楼饭庄,北京的来今雨轩饭庄,扬州的西园大酒店,C,"A. 南京的金陵饭店
B. 北京的红楼饭庄
C. 北京的来今雨轩饭庄
D. 扬州的西园大酒店","下一个问题是关于中国的饮食文化。
首先研制“红楼菜肴〞，打出“红楼宴〞牌子的是
A. 南京的金陵饭店
B. 北京的红楼饭庄
C. 北京的来今雨轩饭庄
D. 扬州的西园大酒店","The next question is about China's food culture.
The first to develop ""Red Mansion dishes"" and promote the ""Red Mansion Banquet"" brand was 
A. Nanjing Jinling Hotel
B. Beijing Red Mansion Restaurant
C. Beijing Lai Jin Yu Xuan Restaurant
D. Yangzhou Xiyuan Hotel"
116,“火腿炖甲鱼”，口味鲜香、营养全面，是哪个菜系中的名菜,浙菜,湘菜,闽菜,徽菜,D,"A. 浙菜
B. 湘菜
C. 闽菜
D. 徽菜","下一个问题是关于中国的饮食文化。
“火腿炖甲鱼”，口味鲜香、营养全面，是哪个菜系中的名菜
A. 浙菜
B. 湘菜
C. 闽菜
D. 徽菜","The next question is about China's food culture.
""Ham stewed turtle"" is delicious and nutritious. It is a famous dish in which cuisine
A. Zhejiang cuisine
B. Hunan cuisine
C. Fujian cuisine
D. Anhui cuisine"
117,对于新科进士，唐宋时代都按例赐宴，称为,“闻喜宴”,“曲江宴”（唐进士）,“谢师宴”,“恩荣宴”(明清),A,"A. “闻喜宴”
B. “曲江宴”（唐进士）
C. “谢师宴”
D. “恩荣宴”(明清)","下一个问题是关于中国的饮食文化。
对于新科进士，唐宋时代都按例赐宴，称为
A. “闻喜宴”
B. “曲江宴”（唐进士）
C. “谢师宴”
D. “恩荣宴”(明清)","The next question is about China's food culture.
In the Tang and Song dynasties, a banquet was given to newly-appointed Jinshi scholars according to the rules, which was called
A. ""Wenxi Banquet""
B. ""Qujiang Banquet"" (Tang Jinshi)
C. ""Xie Shi Banquet""
D. ""Enrong Banquet"" (Ming and Qing)"
118,下列属于扬州“三头宴”中的一道菜的是,白血海参,葵花献肉,葫芦鸡,奶汤锅鱼,B,"A. 白血海参
B. 葵花献肉
C. 葫芦鸡
D. 奶汤锅鱼","下一个问题是关于中国的饮食文化。
下列属于扬州“三头宴”中的一道菜的是
A. 白血海参
B. 葵花献肉
C. 葫芦鸡
D. 奶汤锅鱼","The next question is about China's food culture.
Which of the following dishes is one of the Yangzhou ""Three Heads Banquet"" dishes?
A. White blood sea cucumber
B. Sunflower meat
C. Gourd chicken
D. Fish in milk soup pot"
119,风靡全国的烤羊肉串和被誉为十全大补饭的“抓饭”，色香味俱佳的烤全羊，属于（）的美食,苗族,哈萨克族,维吾尔族,朝鲜族,C,"A. 苗族
B. 哈萨克族
C. 维吾尔族
D. 朝鲜族","下一个问题是关于中国的饮食文化。
风靡全国的烤羊肉串和被誉为十全大补饭的“抓饭”，色香味俱佳的烤全羊，属于（）的美食
A. 苗族
B. 哈萨克族
C. 维吾尔族
D. 朝鲜族","The next question is about China's food culture.
The popular grilled lamb skewers and the ""pila"" known as the ten-in-one rice, and the delicious roasted whole lamb, are all delicacies of ()
A. Miao
B. Kazakh
C. Uyghur
D. Korean"
120,民间城市茶馆兴起，并发展成为适合社会各阶层所需的活动场所，它把茶与曲艺、诗会、戏剧和灯谜等民间文化活动融合起来，形成了一种特殊的“茶馆文化”，“客来敬茶”也已成为寻常百姓的礼仪美德。开始于,宋朝末年,唐朝末年,明朝末年,清朝末年,D,"A. 宋朝末年
B. 唐朝末年
C. 明朝末年
D. 清朝末年","下一个问题是关于中国的饮食文化。
民间城市茶馆兴起，并发展成为适合社会各阶层所需的活动场所，它把茶与曲艺、诗会、戏剧和灯谜等民间文化活动融合起来，形成了一种特殊的“茶馆文化”，“客来敬茶”也已成为寻常百姓的礼仪美德。开始于
A. 宋朝末年
B. 唐朝末年
C. 明朝末年
D. 清朝末年","The next question is about China's food culture.
Teahouses in private cities emerged and developed into activity venues suitable for all social classes. They combined tea with folk art, poetry, drama, and lantern riddles, forming a special ""teahouse culture"". ""Serving tea to guests"" has become a ceremonial virtue for ordinary people. Started in
A. The end of the Song Dynasty
B. The end of the Tang Dynasty
C. The end of the Ming Dynasty
D. The end of the Qing Dynasty"
121,传统名菜“松鼠桂鱼”是典型的,川菜,粤菜,淮扬菜,鲁菜,C,"A. 川菜
B. 粤菜
C. 淮扬菜
D. 鲁菜","下一个问题是关于中国的饮食文化。
传统名菜“松鼠桂鱼”是典型的
A. 川菜
B. 粤菜
C. 淮扬菜
D. 鲁菜","The next question is about China's food culture.
The traditional famous dish ""Squirrel Mandarin Fish"" is a typical
A. Sichuan cuisine
B. Cantonese cuisine
C. Huaiyang cuisine
D. Shandong cuisine"
122,以清香、鲜嫩、味佳而著称的是,粤菜,川菜,鲁菜,淮扬菜,C,"A. 粤菜
B. 川菜
C. 鲁菜
D. 淮扬菜","下一个问题是关于中国的饮食文化。
以清香、鲜嫩、味佳而著称的是
A. 粤菜
B. 川菜
C. 鲁菜
D. 淮扬菜","The next question is about China's food culture.
The cuisine known for its fragrance, freshness and good taste is
A. Cantonese cuisine
B. Sichuan cuisine
C. Shandong cuisine
D. Huaiyang cuisine"
123,白酒是用酒曲及酒药酿出的酒再经过蒸馏，得到的酒度较高的蒸馏酒。据考证，中国人何时发明了白酒,西汉时期,南宋时期,西周时期,三国时期,B,"A. 西汉时期
B. 南宋时期
C. 西周时期
D. 三国时期","下一个问题是关于中国的饮食文化。
白酒是用酒曲及酒药酿出的酒再经过蒸馏，得到的酒度较高的蒸馏酒。据考证，中国人何时发明了白酒
A. 西汉时期
B. 南宋时期
C. 西周时期
D. 三国时期","The next question is about China's food culture.
Baijiu is a distilled liquor with a high alcohol content that is brewed with koji and yeast and then distilled. According to research, when did the Chinese invent Baijiu?
A. Western Han Dynasty
B. Southern Song Dynasty
C. Western Zhou Dynasty
D. Three Kingdoms Period"
124,在明清两代的文人宴上，用以检测文人的学识与机敏程度的是,曲水流觞令,四书令,投壶令,射覆令,B,"A. 曲水流觞令
B. 四书令
C. 投壶令
D. 射覆令","下一个问题是关于中国的饮食文化。
在明清两代的文人宴上，用以检测文人的学识与机敏程度的是
A. 曲水流觞令
B. 四书令
C. 投壶令
D. 射覆令","The next question is about China's food culture.
At the banquets of scholars in the Ming and Qing dynasties, the game used to test the knowledge and intelligence of scholars was 
A. Qushui Liushangling
B. Sishuling
C. Touhuling
D. Shefuling"
125,我国啤酒最早出现在,明代,清代,民国时期,新中国成立后,B,"A. 明代
B. 清代
C. 民国时期
D. 新中国成立后","下一个问题是关于中国的饮食文化。
我国啤酒最早出现在
A. 明代
B. 清代
C. 民国时期
D. 新中国成立后","The next question is about China's food culture.
Beer first appeared in my country
A. Ming Dynasty
B. Qing Dynasty
C. Republic of China
D. After the founding of New China"
126,相传，豆腐的发明者是西汉的,刘彻,刘安,刘荣,刘秀,B,"A. 刘彻
B. 刘安
C. 刘荣
D. 刘秀","下一个问题是关于中国的饮食文化。
相传，豆腐的发明者是西汉的
A. 刘彻
B. 刘安
C. 刘荣
D. 刘秀","The next question is about China's food culture.
According to legend, the inventor of tofu was Liu Che of the Western Han Dynasty
A. Liu Che
B. Liu An
C. Liu Rong
D. Liu Xiu"
127,面粉不可以制作以下哪种传统食物,米糕,花卷,馒头,饼,A,"A. 米糕
B. 花卷
C. 馒头
D. 饼","下一个问题是关于中国的饮食文化。
面粉不可以制作以下哪种传统食物
A. 米糕
B. 花卷
C. 馒头
D. 饼","The next question is about China's food culture.
Which of the following traditional foods cannot be made with flour?
A. Rice cake
B. Flower roll
C. Steamed bun
D. Cake"
128,西汉时期文学作品《七发》描述了大量淮扬风味菜肴，其作者是,司马相如,枚乘,张衡,刘勰,B,"A. 司马相如
B. 枚乘
C. 张衡
D. 刘勰","下一个问题是关于中国的饮食文化。
西汉时期文学作品《七发》描述了大量淮扬风味菜肴，其作者是
A. 司马相如
B. 枚乘
C. 张衡
D. 刘勰","The next question is about China's food culture.
The literary work ""Qifa"" in the Western Han Dynasty describes a large number of Huaiyang-style dishes. Its author is 
A. Sima Xiangru
B. Mei Cheng
C. Zhang Heng
D. Liu Xie"
129,在菜肴色系中，能给人以素洁、软嫩、清淡之感，被他色映衬时，则给人以鲜美的味觉启示， 通常是,绿色,黄色,红色,白色,D,"A. 绿色
B. 黄色
C. 红色
D. 白色","下一个问题是关于中国的饮食文化。
在菜肴色系中，能给人以素洁、软嫩、清淡之感，被他色映衬时，则给人以鲜美的味觉启示， 通常是
A. 绿色
B. 黄色
C. 红色
D. 白色","The next question is about China's food culture.
In the color scheme of dishes, it can give people a sense of simplicity, tenderness, and lightness. When contrasted with other colors, it gives people a delicious taste inspiration. Usually, it is
A. Green
B. Yellow
C. Red
D. White"
130,口味以辛辣爽口、脆嫩鲜香为主，烹调方法多采用生拌是哪个民族的饮食文化,朝鲜族,维吾尔族,满族,土家族,A,"A. 朝鲜族
B. 维吾尔族
C. 满族
D. 土家族","下一个问题是关于中国的饮食文化。
口味以辛辣爽口、脆嫩鲜香为主，烹调方法多采用生拌是哪个民族的饮食文化
A. 朝鲜族
B. 维吾尔族
C. 满族
D. 土家族","The next question is about China's food culture.
The taste is mainly spicy, crisp, tender and fragrant, and the cooking method is mostly raw mixing. Which ethnic group's food culture is it?
A. Korean
B. Uyghur
C. Manchu
D. Tujia"
131,广式面点的代表品种之一是,五芳斋粽子,翡翠烧卖,拨鱼面,叉烧包,D,"A. 五芳斋粽子
B. 翡翠烧卖
C. 拨鱼面
D. 叉烧包","下一个问题是关于中国的饮食文化。
广式面点的代表品种之一是
A. 五芳斋粽子
B. 翡翠烧卖
C. 拨鱼面
D. 叉烧包","The next question is about China's food culture.
One of the representative varieties of Cantonese noodles is
A. Wufangzhai Zongzi
B. Jadeite Shaomai
C. Bo Yu Noodles
D. Barbecued Pork Buns"
132,传统名菜“干烧岩鲤”是典型的,粤菜,鲁菜,川菜,淮扬菜,C,"A. 粤菜
B. 鲁菜
C. 川菜
D. 淮扬菜","下一个问题是关于中国的饮食文化。
传统名菜“干烧岩鲤”是典型的
A. 粤菜
B. 鲁菜
C. 川菜
D. 淮扬菜","The next question is about China's food culture.
The traditional famous dish ""Dry-fried Rock Carp"" is a typical
A. Cantonese cuisine
B. Shandong cuisine
C. Sichuan cuisine
D. Huaiyang cuisine"
133,标志着明清时期人情小说的问世，使得饮食描写进入了一个全新的阶段的作品是,《喻世名言》,《红楼梦》,《金瓶梅》,《西游记》,C,"A. 《喻世名言》
B. 《红楼梦》
C. 《金瓶梅》
D. 《西游记》","下一个问题是关于中国的饮食文化。
标志着明清时期人情小说的问世，使得饮食描写进入了一个全新的阶段的作品是
A. 《喻世名言》
B. 《红楼梦》
C. 《金瓶梅》
D. 《西游记》","The next question is about China's food culture.
The work that marked the emergence of human sentiment novels in the Ming and Qing dynasties and ushered in a new stage in the description of food is
A. ""Yu Shi Ming Yan""
B. ""Dream of Red Mansions""
C. ""Jin Ping Mei""
D. ""Journey to the West"""
134,中国饮食的内容的是,饮食文化的民族个性,饮食文化的物质层面,饮食文化的精神层面,饮食文化的时代特征,B,"A. 饮食文化的民族个性
B. 饮食文化的物质层面
C. 饮食文化的精神层面
D. 饮食文化的时代特征","下一个问题是关于中国的饮食文化。
中国饮食的内容的是
A. 饮食文化的民族个性
B. 饮食文化的物质层面
C. 饮食文化的精神层面
D. 饮食文化的时代特征","The next question is about China's food culture.
The content of Chinese food is
A. The national characteristics of food culture
B. The material aspect of food culture
C. The spiritual aspect of food culture
D. The characteristics of the times of food culture"
135,下列茶叶中， 按加工工艺依次为不发酵、半发酵和全发酵的是,太湖碧螺春， 铁观音， 祁红,黄山毛峰， 君山银针， 宣红,银针白豪， 乌龙菜， 单枞,西湖龙井， 水仙， 大红袍,A,"A. 太湖碧螺春， 铁观音， 祁红
B. 黄山毛峰， 君山银针， 宣红
C. 银针白豪， 乌龙菜， 单枞
D. 西湖龙井， 水仙， 大红袍","下一个问题是关于中国的饮食文化。
下列茶叶中， 按加工工艺依次为不发酵、半发酵和全发酵的是
A. 太湖碧螺春， 铁观音， 祁红
B. 黄山毛峰， 君山银针， 宣红
C. 银针白豪， 乌龙菜， 单枞
D. 西湖龙井， 水仙， 大红袍","The next question is about China's food culture.
Among the following teas, the ones that are processed in the order of non-fermentation, semi-fermentation and full fermentation are:
A. Taihu Biluochun, Tieguanyin, Qihong
B. Huangshan Maofeng, Junshan Yinzhen, Xuanhong
C. Yinzhen Baihao, Oolongcai, Dancong
D. West Lake Longjing, Narcissus, Dahongpao"
136,中国传统认为开门七件事中不包括什么,茶酒,柴米,油盐,酱醋,A,"A. 茶酒
B. 柴米
C. 油盐
D. 酱醋","下一个问题是关于中国的饮食文化。
中国传统认为开门七件事中不包括什么
A. 茶酒
B. 柴米
C. 油盐
D. 酱醋","The next question is about China's food culture.
According to Chinese tradition, what is not included in the seven necessities of life?
A. Tea and wine
B. Firewood and rice
C. Oil and salt
D. Soy sauce and vinegar"
137,最终与动物划清界限、使人类从此告别了茹毛饮血的饮食生活的重要标志是,以汽蒸食,用鼎熟食,用火熟食,以水煮食,C,"A. 以汽蒸食
B. 用鼎熟食
C. 用火熟食
D. 以水煮食","下一个问题是关于中国的饮食文化。
最终与动物划清界限、使人类从此告别了茹毛饮血的饮食生活的重要标志是
A. 以汽蒸食
B. 用鼎熟食
C. 用火熟食
D. 以水煮食","The next question is about China's food culture.
The important symbol that finally made a clear distinction between humans and animals and made humans say goodbye to the diet of eating raw meat and drinking blood is
A. Steaming food
B. Cooking food in a cauldron
C. Cooking food with fire
D. Boiling food with water"
138,我国由分餐到合食转变的最终形成是在,唐宋时期,两汉时期,南北朝时期,明清时期,D,"A. 唐宋时期
B. 两汉时期
C. 南北朝时期
D. 明清时期","下一个问题是关于中国的饮食文化。
我国由分餐到合食转变的最终形成是在
A. 唐宋时期
B. 两汉时期
C. 南北朝时期
D. 明清时期","The next question is about China's food culture.
The final transition from separate meals to shared meals in my country was in
A. Tang and Song Dynasties
B. Han Dynasty
C. Southern and Northern Dynasties
D. Ming and Qing Dynasties"
139,阐述禁食自死物、血液和猪肉的原因时说“因为它们确是不洁的”的经典是,《道德经》,《华严经》,《古兰经》,《金刚经》,C,"A. 《道德经》
B. 《华严经》
C. 《古兰经》
D. 《金刚经》","下一个问题是关于中国的饮食文化。
阐述禁食自死物、血液和猪肉的原因时说“因为它们确是不洁的”的经典是
A. 《道德经》
B. 《华严经》
C. 《古兰经》
D. 《金刚经》","The next question is about China's food culture.
The scripture that explains the reason for not eating dead animals, blood, and pork, saying ""because they are indeed unclean"" is
A. Tao Te Ching
B. Avatamsaka Sutra
C. Quran
D. Diamond Sutra"
140,馒头的首创者据民间传说是,孔子,杜甫,诸葛亮,李白,C,"A. 孔子
B. 杜甫
C. 诸葛亮
D. 李白","下一个问题是关于中国的饮食文化。
馒头的首创者据民间传说是
A. 孔子
B. 杜甫
C. 诸葛亮
D. 李白","The next question is about China's food culture.
According to folklore, the inventor of steamed buns was 
A. Confucius 
B. Du Fu 
C. Zhuge Liang 
D. Li Bai"
141,下列菜系既是北方菜的基又是御膳组成部分的是,徽菜,川菜,鲁菜,浙菜,C,"A. 徽菜
B. 川菜
C. 鲁菜
D. 浙菜","下一个问题是关于中国的饮食文化。
下列菜系既是北方菜的基又是御膳组成部分的是
A. 徽菜
B. 川菜
C. 鲁菜
D. 浙菜","The next question is about China's food culture.
The following cuisines are both the basis of northern cuisine and part of imperial cuisine
A. Anhui cuisine
B. Sichuan cuisine
C. Shandong cuisine
D. Zhejiang cuisine"
142,我国最早的食疗专论是,《随园食单》,《千金要方》,《备急千金要方》,《食疗本草》,C,"A. 《随园食单》
B. 《千金要方》
C. 《备急千金要方》
D. 《食疗本草》","下一个问题是关于中国的饮食文化。
我国最早的食疗专论是
A. 《随园食单》
B. 《千金要方》
C. 《备急千金要方》
D. 《食疗本草》","The next question is about China's food culture.
The earliest dietary therapy monograph in my country is
A. ""Suiyuan Food List""
B. ""Qianjin Yaofang""
C. ""Qianjin Yaofang""
D. ""Diet Therapy Materia Medica"""
143,冬季人体最容易感受寒邪，为保护人体阳气，可多进食温热食品如,苦瓜,百合,羊肉,海带,C,"A. 苦瓜
B. 百合
C. 羊肉
D. 海带","下一个问题是关于中国的饮食文化。
冬季人体最容易感受寒邪，为保护人体阳气，可多进食温热食品如
A. 苦瓜
B. 百合
C. 羊肉
D. 海带","The next question is about China's food culture.
In winter, the human body is most susceptible to cold evil. To protect the body's yang energy, you can eat more warm foods such as
A. Bitter melon
B. Lily
C. Lamb
D. Kelp"
144,“夫礼之初，始诸饮食”这句话出自,《礼记》,《周礼》,《仪礼》,《论语》,A,"A. 《礼记》
B. 《周礼》
C. 《仪礼》
D. 《论语》","下一个问题是关于中国的饮食文化。
“夫礼之初，始诸饮食”这句话出自
A. 《礼记》
B. 《周礼》
C. 《仪礼》
D. 《论语》","The next question is about China's food culture.
""The beginning of etiquette begins with food and drink"" comes from
A. ""Book of Rites""
B. ""Zhou Li""
C. ""Yili""
D. ""The Analects"""
145,有 “ 一菜一格 ， 百菜百味 ” 之美誉的是,苏菜,川菜,鲁菜,粤菜,B,"A. 苏菜
B. 川菜
C. 鲁菜
D. 粤菜","下一个问题是关于中国的饮食文化。
有 “ 一菜一格 ， 百菜百味 ” 之美誉的是
A. 苏菜
B. 川菜
C. 鲁菜
D. 粤菜","The next question is about China's food culture.
The cuisine that has the reputation of ""one dish, one style, hundreds of dishes, hundreds of flavors"" is
A. Jiangsu cuisine
B. Sichuan cuisine
C. Shandong cuisine
D. Cantonese cuisine"
146,具有“银丝条、螺旋形、浑身毛〞的特色，素有“一嫩三鲜〞美誉的茶叶指的是,龙井茶,太平猴魁,白毫银针,碧螺春,D,"A. 龙井茶
B. 太平猴魁
C. 白毫银针
D. 碧螺春","下一个问题是关于中国的饮食文化。
具有“银丝条、螺旋形、浑身毛〞的特色，素有“一嫩三鲜〞美誉的茶叶指的是
A. 龙井茶
B. 太平猴魁
C. 白毫银针
D. 碧螺春","The next question is about China's food culture.
The tea with the characteristics of ""silver threads, spiral shape, and hair all over"" and known as ""one tender and three fresh"" refers to
A. Longjing tea
B. Taiping Houkui
C. Baihao Yinzhen
D. Biluochun"
147,下列关于山东风味说法错误的是,山东名菜有糖醋黄河鲤鱼、油爆双脆、九转大肠等,山东菜的口味极重纯正醇浓，咸、鲜、酸、甜、辣各味皆有，很少有复合味,山东菜善于制汤、用汤，常用制好的清汤、奶汤加入山珍海味鲜蔬杂货中,山东取料以羊肉为主而以羊、猪合烹为常见，菜肴以热烫炙口、酥透人味而著称,D,"A. 山东名菜有糖醋黄河鲤鱼、油爆双脆、九转大肠等
B. 山东菜的口味极重纯正醇浓，咸、鲜、酸、甜、辣各味皆有，很少有复合味
C. 山东菜善于制汤、用汤，常用制好的清汤、奶汤加入山珍海味鲜蔬杂货中
D. 山东取料以羊肉为主而以羊、猪合烹为常见，菜肴以热烫炙口、酥透人味而著称","下一个问题是关于中国的饮食文化。
下列关于山东风味说法错误的是
A. 山东名菜有糖醋黄河鲤鱼、油爆双脆、九转大肠等
B. 山东菜的口味极重纯正醇浓，咸、鲜、酸、甜、辣各味皆有，很少有复合味
C. 山东菜善于制汤、用汤，常用制好的清汤、奶汤加入山珍海味鲜蔬杂货中
D. 山东取料以羊肉为主而以羊、猪合烹为常见，菜肴以热烫炙口、酥透人味而著称","The next question is about China's food culture.
Which of the following statements about Shandong cuisine is wrong?
A. Shandong famous dishes include sweet and sour Yellow River carp, fried crispy fish, nine-turn large intestine, etc.
B. Shandong cuisine has a very strong taste, pure and mellow, with salty, fresh, sour, sweet, spicy, and rarely complex flavors
C. Shandong cuisine is good at making and using soups, and often uses prepared clear soup and milk soup to add mountain and sea delicacies, fresh vegetables and groceries
D. Shandong cuisine mainly uses mutton as the main ingredient, and it is common to cook mutton and pork together. The dishes are famous for being hot and crispy."
148,以烹制山珍野味著称，讲究火工，火大油重，保持原汁原味，比较实惠的是,京菜,皖菜,沪菜,豫菜,B,"A. 京菜
B. 皖菜
C. 沪菜
D. 豫菜","下一个问题是关于中国的饮食文化。
以烹制山珍野味著称，讲究火工，火大油重，保持原汁原味，比较实惠的是
A. 京菜
B. 皖菜
C. 沪菜
D. 豫菜","The next question is about China's food culture.
It is famous for cooking wild game, and pays attention to the cooking skills, using high heat and heavy oil to keep the original flavor. The more affordable ones are
A. Beijing cuisine
B. Anhui cuisine
C. Shanghai cuisine
D. Henan cuisine"
149,传统名菜“佛跳墙〞在风味上属于,广东风味,安徽风味,福建风味,浙江风味,C,"A. 广东风味
B. 安徽风味
C. 福建风味
D. 浙江风味","下一个问题是关于中国的饮食文化。
传统名菜“佛跳墙〞在风味上属于
A. 广东风味
B. 安徽风味
C. 福建风味
D. 浙江风味","The next question is about China's food culture.
The traditional famous dish ""Buddha Jumps Over the Wall"" belongs to
A. Guangdong style
B. Anhui style
C. Fujian style
D. Zhejiang style"
150,周代的宴会种类繁多，其中亲朋好友之间的宴饮被称为,乡饮酒礼,射礼,燕礼,献礼,C,"A. 乡饮酒礼
B. 射礼
C. 燕礼
D. 献礼","下一个问题是关于中国的饮食文化。
周代的宴会种类繁多，其中亲朋好友之间的宴饮被称为
A. 乡饮酒礼
B. 射礼
C. 燕礼
D. 献礼","The next question is about China's food culture.
There were many kinds of banquets in the Zhou Dynasty, among which the banquets between relatives and friends were called
A. Xiang Jiuyi Ceremony
B. Sheli Ceremony
C. Yanli Ceremony
D. Xianli"
151,“驴打滚”是哪里的著名风味小吃,山东,陕西,天津,北京,D,"A. 山东
B. 陕西
C. 天津
D. 北京","下一个问题是关于中国的饮食文化。
“驴打滚”是哪里的著名风味小吃
A. 山东
B. 陕西
C. 天津
D. 北京","The next question is about China's food culture.
Where is the famous snack ""Lvdagun"" from?
A. Shandong
B. Shaanxi
C. Tianjin
D. Beijing"
152,作为民族风味食品的“冷面”，属,傣族菜,彝族菜,苗族菜,朝鲜族菜,D,"A. 傣族菜
B. 彝族菜
C. 苗族菜
D. 朝鲜族菜","下一个问题是关于中国的饮食文化。
作为民族风味食品的“冷面”，属
A. 傣族菜
B. 彝族菜
C. 苗族菜
D. 朝鲜族菜","The next question is about China's food culture.
As a national flavor food, ""cold noodles"" belongs to
A. Dai cuisine
B. Yi cuisine
C. Miao cuisine
D. Korean cuisine"
153,重要节日喜吃年糕的我国少数民族是,鄂伦春族,蒙古族,朝鲜族,赫哲族,C,"A. 鄂伦春族
B. 蒙古族
C. 朝鲜族
D. 赫哲族","下一个问题是关于中国的饮食文化。
重要节日喜吃年糕的我国少数民族是
A. 鄂伦春族
B. 蒙古族
C. 朝鲜族
D. 赫哲族","The next question is about China's food culture.
The ethnic minority in my country that likes to eat rice cakes on important festivals is
A. Oroqen
B. Mongolian
C. Korean
D. Hezhe"
154,“火候”是饮食文化的一个重要名词，最初起源于,伊斯兰教活动,道教活动,基督教活动,佛教活动,B,"A. 伊斯兰教活动
B. 道教活动
C. 基督教活动
D. 佛教活动","下一个问题是关于中国的饮食文化。
“火候”是饮食文化的一个重要名词，最初起源于
A. 伊斯兰教活动
B. 道教活动
C. 基督教活动
D. 佛教活动","The next question is about China's food culture.
""Hotness"" is an important term in food culture, which originated from
A. Islamic activities
B. Taoist activities
C. Christian activities
D. Buddhist activities"
155,在中国比较正确的上菜礼应该是,水果-凉菜-汤-热炒-主食-点心,凉菜-热炒-大菜-汤-主食-水果,凉菜-主食-汤-热菜-水果-点心,汤-凉菜-热菜-主食-点心-水果,B,"A. 水果-凉菜-汤-热炒-主食-点心
B. 凉菜-热炒-大菜-汤-主食-水果
C. 凉菜-主食-汤-热菜-水果-点心
D. 汤-凉菜-热菜-主食-点心-水果","下一个问题是关于中国的饮食文化。
在中国比较正确的上菜礼应该是
A. 水果-凉菜-汤-热炒-主食-点心
B. 凉菜-热炒-大菜-汤-主食-水果
C. 凉菜-主食-汤-热菜-水果-点心
D. 汤-凉菜-热菜-主食-点心-水果","The next question is about China's food culture.
The correct way to serve dishes in China should be:
A. Fruits-cold dishes-soup-hot dishes-staple food-desserts
B. Cold dishes-hot dishes-main dishes-soup-staple food-fruits
C. Cold dishes-staple food-soup-hot dishes-fruits-desserts
D. Soup-cold dishes-hot dishes-staple food-desserts-fruits"
156,关于我国饮食发展阶段，叙述最为正确的是,生食-熟食-生食,熟食-生食-熟食,产生之处就是生熟食共同出现,生食-熟食-多样化的烹饪,D,"A. 生食-熟食-生食
B. 熟食-生食-熟食
C. 产生之处就是生熟食共同出现
D. 生食-熟食-多样化的烹饪","下一个问题是关于中国的饮食文化。
关于我国饮食发展阶段，叙述最为正确的是
A. 生食-熟食-生食
B. 熟食-生食-熟食
C. 产生之处就是生熟食共同出现
D. 生食-熟食-多样化的烹饪","The next question is about China's food culture.
The most correct description of the development stages of my country's diet is
A. Raw food-cooked food-raw food
B. Cooked food-raw food-cooked food
C. Raw and cooked food co-exist in the origin
D. Raw food-cooked food-diversified cooking"
157,在下列菜肴香味搭配中，合适的搭配是,葱、椒、姜、桂之香，多配瓜果,鲜花香气馥郁，多配甜食、洒露汤羹,酒糟之香醇浓，多配五谷糕饵,薄荷龙脑之香，多用于腥物,B,"A. 葱、椒、姜、桂之香，多配瓜果
B. 鲜花香气馥郁，多配甜食、洒露汤羹
C. 酒糟之香醇浓，多配五谷糕饵
D. 薄荷龙脑之香，多用于腥物","下一个问题是关于中国的饮食文化。
在下列菜肴香味搭配中，合适的搭配是
A. 葱、椒、姜、桂之香，多配瓜果
B. 鲜花香气馥郁，多配甜食、洒露汤羹
C. 酒糟之香醇浓，多配五谷糕饵
D. 薄荷龙脑之香，多用于腥物","The next question is about China's food culture.
Among the following dishes, the most suitable pairing is
A. The fragrance of onion, pepper, ginger, and cinnamon, mostly paired with fruits
B. The fragrance of fresh flowers is rich, mostly paired with sweets, dew soups and stews
C. The fragrance of wine lees is mellow and strong, mostly paired with grain cakes and baits
D. The fragrance of mint and borneol is mostly used for fishy things"
158,关于我国饮食发展阶段的叙述，最为正确的是,火烹期-陶烹期-铁烹期-铜烹期,火烹期-铜烹期-陶烹期-铁烹期,陶烹期-火烹期-铜烹期-铁烹期,火烹期-陶烹期-铜烹期-铁烹期,D,"A. 火烹期-陶烹期-铁烹期-铜烹期
B. 火烹期-铜烹期-陶烹期-铁烹期
C. 陶烹期-火烹期-铜烹期-铁烹期
D. 火烹期-陶烹期-铜烹期-铁烹期","下一个问题是关于中国的饮食文化。
关于我国饮食发展阶段的叙述，最为正确的是
A. 火烹期-陶烹期-铁烹期-铜烹期
B. 火烹期-铜烹期-陶烹期-铁烹期
C. 陶烹期-火烹期-铜烹期-铁烹期
D. 火烹期-陶烹期-铜烹期-铁烹期","The next question is about China's food culture.
The most correct description of the development stages of my country's diet is
A. Fire cooking period-pottery cooking period-iron cooking period-copper cooking period
B. Fire cooking period-copper cooking period-pottery cooking period-iron cooking period
C. Pottery cooking period-fire cooking period-copper cooking period-iron cooking period
D. Fire cooking period-pottery cooking period-copper cooking period-iron cooking period"
159,在菜肴色系中，会损害味感，但运用得当能给人以淡雅、脱俗之趣，是,紫色,绿色,白色,黄色,A,"A. 紫色
B. 绿色
C. 白色
D. 黄色","下一个问题是关于中国的饮食文化。
在菜肴色系中，会损害味感，但运用得当能给人以淡雅、脱俗之趣，是
A. 紫色
B. 绿色
C. 白色
D. 黄色","The next question is about China's food culture.
Among the colors of dishes, the one that will damage the taste, but can give people a light and refined taste if used properly is
A. Purple
B. Green
C. White
D. Yellow"
160,佛教将饮食从欲望、摄取、执著的角度分为四类饮食需求。第一是饮食需求段食，第二是触食，第三是思食，最后是,欲食,禁食,乞食,识食,D,"A. 欲食
B. 禁食
C. 乞食
D. 识食","下一个问题是关于中国的饮食文化。
佛教将饮食从欲望、摄取、执著的角度分为四类饮食需求。第一是饮食需求段食，第二是触食，第三是思食，最后是
A. 欲食
B. 禁食
C. 乞食
D. 识食","The next question is about China's food culture.
Buddhism divides food into four categories from the perspective of desire, intake, and attachment. The first is the food of the body, the second is the food of touch, the third is the food of thought, and the last is
A. Food of desire
B. Fasting
C. Begging for food
D. Food of consciousness"
161,素有“一菜一格，百菜百味”之称的菜肴体系是,鲁菜,豫菜,苏菜,川菜,D,"A. 鲁菜
B. 豫菜
C. 苏菜
D. 川菜","下一个问题是关于中国的饮食文化。
素有“一菜一格，百菜百味”之称的菜肴体系是
A. 鲁菜
B. 豫菜
C. 苏菜
D. 川菜","The next question is about China's food culture.
The cuisine system known as ""one dish, one style, one hundred dishes, one hundred flavors"" is
A. Shandong cuisine
B. Henan cuisine
C. Jiangsu cuisine
D. Sichuan cuisine"
162,中国主要菜肴风味体系中黄河文化流域中不包括的,四川菜,山东菜,河南菜,北京菜,A,"A. 四川菜
B. 山东菜
C. 河南菜
D. 北京菜","下一个问题是关于中国的饮食文化。
中国主要菜肴风味体系中黄河文化流域中不包括的
A. 四川菜
B. 山东菜
C. 河南菜
D. 北京菜","The next question is about China's food culture.
The Yellow River culture basin is not included in the Chinese main cuisine flavor system
A. Sichuan cuisine
B. Shandong cuisine
C. Henan cuisine
D. Beijing cuisine"
163,不属于中国主要菜肴风味体系的,黄河文化流域,松花江文化流域,长江文化流域,珠江文化流域,B,"A. 黄河文化流域
B. 松花江文化流域
C. 长江文化流域
D. 珠江文化流域","下一个问题是关于中国的饮食文化。
不属于中国主要菜肴风味体系的
A. 黄河文化流域
B. 松花江文化流域
C. 长江文化流域
D. 珠江文化流域","The next question is about China's food culture.
Not belonging to the main Chinese cuisine flavor system
A. Yellow River cultural basin
B. Songhua River cultural basin
C. Yangtze River cultural basin
D. Pearl River cultural basin"
164,在下列菜肴香味搭配中，不合适的搭配是,白芷之香，宜配豚蟹,蒜薤之香，宜配重腥等,茵香、丁香，多与冷冻、水晶类莱希配伍,油脂乳酥之香，多用于热烹之食物,A,"A. 白芷之香，宜配豚蟹
B. 蒜薤之香，宜配重腥等
C. 茵香、丁香，多与冷冻、水晶类莱希配伍
D. 油脂乳酥之香，多用于热烹之食物","下一个问题是关于中国的饮食文化。
在下列菜肴香味搭配中，不合适的搭配是
A. 白芷之香，宜配豚蟹
B. 蒜薤之香，宜配重腥等
C. 茵香、丁香，多与冷冻、水晶类莱希配伍
D. 油脂乳酥之香，多用于热烹之食物","The next question is about China's food culture.
Among the following dish aroma combinations, the inappropriate combination is
A. The fragrance of Angelica dahurica is suitable for pork and crab
B. The fragrance of garlic and scallion is suitable for strong fishy smells, etc.
C. Yinxiang and cloves are often paired with frozen and crystal-like lecithin
D. The fragrance of fat and butter is often used for hot cooked food"
165,三蛇龙虎会、鱼香肉丝、生熘鱼片分别属于,广东菜、四川菜、湖南菜,湖南菜、山东菜、四川菜,广东菜、湖南菜、四川菜,四川菜、广东菜、山东菜,A,"A. 广东菜、四川菜、湖南菜
B. 湖南菜、山东菜、四川菜
C. 广东菜、湖南菜、四川菜
D. 四川菜、广东菜、山东菜","下一个问题是关于中国的饮食文化。
三蛇龙虎会、鱼香肉丝、生熘鱼片分别属于
A. 广东菜、四川菜、湖南菜
B. 湖南菜、山东菜、四川菜
C. 广东菜、湖南菜、四川菜
D. 四川菜、广东菜、山东菜","The next question is about China's food culture.
Three Snakes, Dragon and Tiger, Shredded Pork with Fish Flavor, and Sashimi Fish Slices belong to
A. Cantonese cuisine, Sichuan cuisine, Hunan cuisine
B. Hunan cuisine, Shandong cuisine, Sichuan cuisine
C. Cantonese cuisine, Hunan cuisine, Sichuan cuisine
D. Sichuan cuisine, Cantonese cuisine, Shandong cuisine"
166,我国古代由分食到合食转变的时间大致是,明清时期,秦汉时期,三国时期,唐宋时期,D,"A. 明清时期
B. 秦汉时期
C. 三国时期
D. 唐宋时期","下一个问题是关于中国的饮食文化。
我国古代由分食到合食转变的时间大致是
A. 明清时期
B. 秦汉时期
C. 三国时期
D. 唐宋时期","The next question is about China's food culture.
The transition from separate eating to shared eating in ancient my country was roughly during the period of
A. Ming and Qing Dynasties
B. Qin and Han Dynasties
C. Three Kingdoms Period
D. Tang and Song Dynasties"
167,粤菜主要覆盖在,长江下游地区,珠江流域,长江中游地区,黄河流域,B,"A. 长江下游地区
B. 珠江流域
C. 长江中游地区
D. 黄河流域","下一个问题是关于中国的饮食文化。
粤菜主要覆盖在
A. 长江下游地区
B. 珠江流域
C. 长江中游地区
D. 黄河流域","The next question is about China's food culture.
Cantonese cuisine is mainly distributed in
A. The lower reaches of the Yangtze River
B. The Pearl River Basin
C. The middle reaches of the Yangtze River
D. The Yellow River Basin"
168,各民族有不同的饮食习惯，其中喜食酸味及嚼槟榔的是,纳西族、土家族,壮族、傣族,彝族、壮族,纳西族、白族,B,"A. 纳西族、土家族
B. 壮族、傣族
C. 彝族、壮族
D. 纳西族、白族","下一个问题是关于中国的饮食文化。
各民族有不同的饮食习惯，其中喜食酸味及嚼槟榔的是
A. 纳西族、土家族
B. 壮族、傣族
C. 彝族、壮族
D. 纳西族、白族","The next question is about China's food culture.
Different ethnic groups have different eating habits. Among them, those who like to eat sour food and chew betel nuts are
A. Naxi and Tujia
B. Zhuang and Dai
C. Yi and Zhuang
D. Naxi and Bai"
169,主张素食是以下四大宗教中（）的饮食习俗,道教,佛教,基督教,伊斯兰教,B,"A. 道教
B. 佛教
C. 基督教
D. 伊斯兰教","下一个问题是关于中国的饮食文化。
主张素食是以下四大宗教中（）的饮食习俗
A. 道教
B. 佛教
C. 基督教
D. 伊斯兰教","The next question is about China's food culture.
Among the following four major religions, vegetarianism is the dietary custom of ()
A. Taoism
B. Buddhism
C. Christianity
D. Islam"
170,回族有严格的饮食禁忌。不吃（）肉，不食用自死的禽畜和畜血,羊,驼,驴,牛,C,"A. 羊
B. 驼
C. 驴
D. 牛","下一个问题是关于中国的饮食文化。
回族有严格的饮食禁忌。不吃（）肉，不食用自死的禽畜和畜血
A. 羊
B. 驼
C. 驴
D. 牛","The next question is about China's food culture.
The Hui people have strict dietary taboos. They do not eat () meat, nor do they consume poultry and livestock that died of natural causes or their blood
A. Sheep
B. Camel
C. Donkey
D. Cow"
171,“食不厌精，脍不厌细”是哪一位圣人所说,孔子,荀子,庄子,老子,A,"A. 孔子
B. 荀子
C. 庄子
D. 老子","下一个问题是关于中国的饮食文化。
“食不厌精，脍不厌细”是哪一位圣人所说
A. 孔子
B. 荀子
C. 庄子
D. 老子","The next question is about China's food culture.
Which saint said, ""I never tire of fine food, and I never tire of fine meat""
A. Confucius
B. Xunzi
C. Zhuangzi
D. Laozi"
172,“夫礼之初，始诸饮食”一语出自,《诗经》,《左传》,《楚辞》,《礼记》,D,"A. 《诗经》
B. 《左传》
C. 《楚辞》
D. 《礼记》","下一个问题是关于中国的饮食文化。
“夫礼之初，始诸饮食”一语出自
A. 《诗经》
B. 《左传》
C. 《楚辞》
D. 《礼记》","The next question is about China's food culture.
The phrase ""The beginning of etiquette begins with food and drink"" comes from
A. The Book of Songs
B. Zuo Zhuan
C. Chu Ci
D. The Book of Rites"
173,清代官场饮茶有着特殊的程序和含义，有别于一般的茶道，主人若端茶，对客人说“请喝茶”，这表明,对客人不满,请客人品茶,对客人的尊敬,会谈结束送客,D,"A. 对客人不满
B. 请客人品茶
C. 对客人的尊敬
D. 会谈结束送客","下一个问题是关于中国的饮食文化。
清代官场饮茶有着特殊的程序和含义，有别于一般的茶道，主人若端茶，对客人说“请喝茶”，这表明
A. 对客人不满
B. 请客人品茶
C. 对客人的尊敬
D. 会谈结束送客","The next question is about China's food culture.
In the Qing Dynasty, drinking tea in the officialdom had a special procedure and meaning, which was different from the general tea ceremony. If the host served tea and said ""Please have tea"" to the guest, it showed
A. dissatisfaction with the guest
B. inviting the guest to taste the tea
C. respect for the guest
D. sending the guest away after the meeting"
174,“ 汽锅鸡”是哪里的名菜,广州,云南,贵州,四川,B,"A. 广州
B. 云南
C. 贵州
D. 四川","下一个问题是关于中国的饮食文化。
“ 汽锅鸡”是哪里的名菜
A. 广州
B. 云南
C. 贵州
D. 四川","The next question is about China's food culture.
Where is the famous dish ""Steamed Chicken""?
A. Guangzhou
B. Yunnan
C. Guizhou
D. Sichuan"
175,斋戒通常是（）的饮食习俗,基督教,伊斯兰教,佛教,道教,B,"A. 基督教
B. 伊斯兰教
C. 佛教
D. 道教","下一个问题是关于中国的饮食文化。
斋戒通常是（）的饮食习俗
A. 基督教
B. 伊斯兰教
C. 佛教
D. 道教","The next question is about China's food culture.
Fasting is usually a dietary custom of ()
A. Christianity
B. Islam
C. Buddhism
D. Taoism"
176,上海小吃最受人们青睐的“三主件”是,栗子糕、松饼、烧麦,汤包、百叶、油面筋,生煎馒头、馄饨、蟹黄包,蟹黄包、阳春面、海棠糕,B,"A. 栗子糕、松饼、烧麦
B. 汤包、百叶、油面筋
C. 生煎馒头、馄饨、蟹黄包
D. 蟹黄包、阳春面、海棠糕","下一个问题是关于中国的饮食文化。
上海小吃最受人们青睐的“三主件”是
A. 栗子糕、松饼、烧麦
B. 汤包、百叶、油面筋
C. 生煎馒头、馄饨、蟹黄包
D. 蟹黄包、阳春面、海棠糕","The next question is about China's food culture.
The three most popular snacks in Shanghai are:
A. Chestnut cake, pancakes, and steamed buns
B. Soup dumplings, bean curd sheets, and fried gluten
C. Pan-fried steamed buns, wontons, and crab roe buns
D. Crab roe buns, plain noodles, and crabapple cakes"
177,“ 猫耳朵 ” 是哪里的特色小吃 ,贵州,江苏,北京,浙江,D,"A. 贵州
B. 江苏
C. 北京
D. 浙江","下一个问题是关于中国的饮食文化。
“ 猫耳朵 ” 是哪里的特色小吃 
A. 贵州
B. 江苏
C. 北京
D. 浙江","The next question is about China's food culture.
Where is the specialty snack ""Cat ears""? 
A. Guizhou
B. Jiangsu
C. Beijing
D. Zhejiang"
178,记述人们只有依据“隆、赤巴、培根”三因素，选择合适的饮食，讲求饮食的属性，严格养生，才能获得健康，争取长寿的藏文本是,《本草纲目》,《饮食须知》,《饮膳正要》,《佛学养生经》,D,"A. 《本草纲目》
B. 《饮食须知》
C. 《饮膳正要》
D. 《佛学养生经》","下一个问题是关于中国的饮食文化。
记述人们只有依据“隆、赤巴、培根”三因素，选择合适的饮食，讲求饮食的属性，严格养生，才能获得健康，争取长寿的藏文本是
A. 《本草纲目》
B. 《饮食须知》
C. 《饮膳正要》
D. 《佛学养生经》","The next question is about China's food culture.
The Tibetan text that states that people can only achieve health and longevity by choosing the right diet based on the three factors of ""Lung, Tripa, and Bacon"", paying attention to the properties of the diet, and strictly maintaining health is
A. Compendium of Materia Medica
B. Dietary Notes
C. Essentials of Dietary Instructions
D. Buddhist Health Preservation Sutra"
179,与刀削面、刀拨面、拉面并称为山西四大名面的是,热干面,肠旺面,拨鱼儿,担担面,C,"A. 热干面
B. 肠旺面
C. 拨鱼儿
D. 担担面","下一个问题是关于中国的饮食文化。
与刀削面、刀拨面、拉面并称为山西四大名面的是
A. 热干面
B. 肠旺面
C. 拨鱼儿
D. 担担面","The next question is about China's food culture.
The four famous noodles in Shanxi, along with knife-cut noodles, knife-pulled noodles, and hand-pulled noodles, are
A. hot dry noodles
B. intestine noodles
C. fish-boiled noodles
D. dandan noodles"
180,从历史发展看，中国人衡量食品质量的第一标准是,食境,食量,食味,食形,C,"A. 食境
B. 食量
C. 食味
D. 食形","下一个问题是关于中国的饮食文化。
从历史发展看，中国人衡量食品质量的第一标准是
A. 食境
B. 食量
C. 食味
D. 食形","The next question is about China's food culture.
From a historical perspective, the first criterion for Chinese people to measure food quality is
A. Food environment
B. Food quantity
C. Food taste
D. Food shape"
181,素有“百汤百味”之称的是,福建菜,湖南菜,浙江菜,广东菜,A,"A. 福建菜
B. 湖南菜
C. 浙江菜
D. 广东菜","下一个问题是关于中国的饮食文化。
素有“百汤百味”之称的是
A. 福建菜
B. 湖南菜
C. 浙江菜
D. 广东菜","The next question is about China's food culture.
The cuisine that is known as ""hundreds of soups and hundreds of flavors"" is
A. Fujian cuisine
B. Hunan cuisine
C. Zhejiang cuisine
D. Guangdong cuisine"
182,下列哪种动物不属于五畜类的,羊,猪,兔子,牛,C,"A. 羊
B. 猪
C. 兔子
D. 牛","下一个问题是关于中国的饮食文化。
下列哪种动物不属于五畜类的
A. 羊
B. 猪
C. 兔子
D. 牛","The next question is about China's food culture.
Which of the following animals does not belong to the five domestic animals?
A. Sheep
B. Pig
C. Rabbit
D. Cow"
183,贵妃鸡、葫芦鸡、叫化鸡分别属于,广东菜、东北菜、山东菜,福建菜、西北菜、浙江菜,上海菜、西北菜、江苏菜,上海菜、东北菜、江苏菜,C,"A. 广东菜、东北菜、山东菜
B. 福建菜、西北菜、浙江菜
C. 上海菜、西北菜、江苏菜
D. 上海菜、东北菜、江苏菜","下一个问题是关于中国的饮食文化。
贵妃鸡、葫芦鸡、叫化鸡分别属于
A. 广东菜、东北菜、山东菜
B. 福建菜、西北菜、浙江菜
C. 上海菜、西北菜、江苏菜
D. 上海菜、东北菜、江苏菜","The next question is about China's food culture.
Royal Chicken, Hulu Chicken, and Beggar Chicken belong to
A. Guangdong cuisine, Northeastern cuisine, Shandong cuisine
B. Fujian cuisine, Northwestern cuisine, Zhejiang cuisine
C. Shanghai cuisine, Northwestern cuisine, Jiangsu cuisine
D. Shanghai cuisine, Northeastern cuisine, Jiangsu cuisine"
184,对汉代画像石中的饮食情景叙述正确的是,汉代主要用大匕来取食和进食,天气炎热所以席地坐在地上,画中饮食是一种“合食”现象,高椅在汉代还未出现，故跽坐而食,D,"A. 汉代主要用大匕来取食和进食
B. 天气炎热所以席地坐在地上
C. 画中饮食是一种“合食”现象
D. 高椅在汉代还未出现，故跽坐而食","下一个问题是关于中国的饮食文化。
对汉代画像石中的饮食情景叙述正确的是
A. 汉代主要用大匕来取食和进食
B. 天气炎热所以席地坐在地上
C. 画中饮食是一种“合食”现象
D. 高椅在汉代还未出现，故跽坐而食","The next question is about China's food culture.
The correct description of the eating scene in the Han Dynasty stone relief is
A. In the Han Dynasty, people mainly used large daggers to take and eat
B. The weather was hot, so they sat on the ground
C. The eating in the painting is a ""combined eating"" phenomenon
D. High chairs did not appear in the Han Dynasty, so people knelt and ate"
185,在敬酒方式中，有礼有节地劝客人饮酒被称为,互敬,文敬,回敬,代,B,"A. 互敬
B. 文敬
C. 回敬
D. 代","下一个问题是关于中国的饮食文化。
在敬酒方式中，有礼有节地劝客人饮酒被称为
A. 互敬
B. 文敬
C. 回敬
D. 代","The next question is about China's food culture.
In the toasting method, politely persuading guests to drink is called
A. mutual toast
B. polite toast
C. return toast
D."
186,我国素有“茶兴于唐，盛于宋〞之说。宋徽宗赵佶潜心研究、精心论述，著有,《品茶要录》,《茶典》,《茶谱》,《大观茶论》,D,"A. 《品茶要录》
B. 《茶典》
C. 《茶谱》
D. 《大观茶论》","下一个问题是关于中国的饮食文化。
我国素有“茶兴于唐，盛于宋〞之说。宋徽宗赵佶潜心研究、精心论述，著有
A. 《品茶要录》
B. 《茶典》
C. 《茶谱》
D. 《大观茶论》","The next question is about China's food culture.
There is a saying in my country that ""tea flourished in the Tang Dynasty and prospered in the Song Dynasty"". Emperor Huizong of Song Dynasty, Zhao Ji, devoted himself to research and elaborated on it, and wrote
A. ""Essentials of Tea Tasting""
B. ""Tea Classics""
C. ""Tea Book""
D. ""Daguan Tea Theory"""
187,茶的故乡在,中国,印度,巴西,日本,D,"A. 中国
B. 印度
C. 巴西
D. 日本","下一个问题是关于中国的饮食文化。
茶的故乡在
A. 中国
B. 印度
C. 巴西
D. 日本","The next question is about China's food culture.
The hometown of tea is
A. China
B. India
C. Brazil
D. Japan"
188,下列国家名酒， 依次为浓香型， 清香型， 复香型白酒的是,茅台酒， 山西汾酒， 五粮液,五粮液， 山西汾酒， 陕西西凤酒,五粮液， 山西汾酒， 桂林三花酒,泸州老窖特曲， 五粮液， 陕西西凤酒,B,"A. 茅台酒， 山西汾酒， 五粮液
B. 五粮液， 山西汾酒， 陕西西凤酒
C. 五粮液， 山西汾酒， 桂林三花酒
D. 泸州老窖特曲， 五粮液， 陕西西凤酒","下一个问题是关于中国的饮食文化。
下列国家名酒， 依次为浓香型， 清香型， 复香型白酒的是
A. 茅台酒， 山西汾酒， 五粮液
B. 五粮液， 山西汾酒， 陕西西凤酒
C. 五粮液， 山西汾酒， 桂林三花酒
D. 泸州老窖特曲， 五粮液， 陕西西凤酒","The next question is about China's food culture.
The following national famous liquors are, in order, strong-flavor, light-flavor, and complex-flavor liquors
A. Maotai Liquor, Shanxi Fen Liquor, Wuliangye
B. Wuliangye, Shanxi Fen Liquor, Shaanxi Xifeng Liquor
C. Wuliangye, Shanxi Fen Liquor, Guilin Sanhua Liquor
D. Luzhou Laojiao Special Liquor, Wuliangye, Shaanxi Xifeng Liquor"
189,蒙古族喜食的、招待尊贵客人的最为丰盛和最为讲究的一种传统宴席是,全狗席,全马席,全牛席,全羊席,D,"A. 全狗席
B. 全马席
C. 全牛席
D. 全羊席","下一个问题是关于中国的饮食文化。
蒙古族喜食的、招待尊贵客人的最为丰盛和最为讲究的一种传统宴席是
A. 全狗席
B. 全马席
C. 全牛席
D. 全羊席","The next question is about China's food culture.
The most sumptuous and elaborate traditional banquet that the Mongolians like to eat and entertain distinguished guests is
A. All-dog banquet
B. All-horse banquet
C. All-cow banquet
D. All-lamb banquet"
190,下列有关菜肴的酸味，说法不正确的是,酸味一般可独立呈味,适当食用酸味，可刺激胃口，增加食欲，并有去腥解腻、提味爽口和分解原料中钙质的作用。资料,酸味是由氢离子刺激味觉神经引起的感觉,含酸味的调料主要是醋、番茄酱和柠檬汁等,A,"A. 酸味一般可独立呈味
B. 适当食用酸味，可刺激胃口，增加食欲，并有去腥解腻、提味爽口和分解原料中钙质的作用。资料
C. 酸味是由氢离子刺激味觉神经引起的感觉
D. 含酸味的调料主要是醋、番茄酱和柠檬汁等","下一个问题是关于中国的饮食文化。
下列有关菜肴的酸味，说法不正确的是
A. 酸味一般可独立呈味
B. 适当食用酸味，可刺激胃口，增加食欲，并有去腥解腻、提味爽口和分解原料中钙质的作用。资料
C. 酸味是由氢离子刺激味觉神经引起的感觉
D. 含酸味的调料主要是醋、番茄酱和柠檬汁等","The next question is about China's food culture.
Which of the following statements about the sour taste of dishes is incorrect?
A. Sour taste can generally be presented independently
B. Appropriate consumption of sour taste can stimulate the appetite, increase appetite, remove fishy smells and greasiness, enhance the taste and decompose calcium in the raw materials. Information
C. Sour taste is a sensation caused by hydrogen ions stimulating the taste nerves
D. Sour seasonings are mainly vinegar, ketchup and lemon juice, etc."
191,《黄帝内经》中提到一种古老的酒，是用动物的乳汁酿成的甜酒，即,秬鬯,醴酪,猿酒,醍,B,"A. 秬鬯
B. 醴酪
C. 猿酒
D. 醍","下一个问题是关于中国的饮食文化。
《黄帝内经》中提到一种古老的酒，是用动物的乳汁酿成的甜酒，即
A. 秬鬯
B. 醴酪
C. 猿酒
D. 醍","The next question is about China's food culture.
The Yellow Emperor's Classic of Internal Medicine mentions an ancient wine, which is a sweet wine made from animal milk, namely
A. Jiuchang
B. Liru
C. Yuanjiu
D. Dai"
192,饮食消费文化最突出的特点是兼具经济功能和,艺术功能,政治功能,社会功能,宗教功能,C,"A. 艺术功能
B. 政治功能
C. 社会功能
D. 宗教功能","下一个问题是关于中国的饮食文化。
饮食消费文化最突出的特点是兼具经济功能和
A. 艺术功能
B. 政治功能
C. 社会功能
D. 宗教功能","The next question is about China's food culture.
The most prominent feature of food consumption culture is that it has both economic and
A. artistic functions
B. political functions
C. social functions
D. religious functions"
193,茶的发现和利用，相传起源于,神农时代,黄帝时代,女娲时代,伏羲时代,A,"A. 神农时代
B. 黄帝时代
C. 女娲时代
D. 伏羲时代","下一个问题是关于中国的饮食文化。
茶的发现和利用，相传起源于
A. 神农时代
B. 黄帝时代
C. 女娲时代
D. 伏羲时代","The next question is about China's food culture.
The discovery and use of tea is said to have originated in
A. Shennong era
B. Huangdi era
C. Nuwa era
D. Fuxi era"
194,我国历史上最为著名、影响最大的宴席是,红楼宴,孔府宴,谭府宴,满汉全席,D,"A. 红楼宴
B. 孔府宴
C. 谭府宴
D. 满汉全席","下一个问题是关于中国的饮食文化。
我国历史上最为著名、影响最大的宴席是
A. 红楼宴
B. 孔府宴
C. 谭府宴
D. 满汉全席","The next question is about China's food culture.
The most famous and influential banquet in Chinese history is
A. Red Mansion Banquet
B. Confucius Mansion Banquet
C. Tan Mansion Banquet
D. Manchu-Han Banquet"
195,苏菜系由淮扬、苏锡、徐海三大地方风味菜肴组成，以何种菜为主体,上海菜,徐海菜,苏锡菜,淮扬菜,A,"A. 上海菜
B. 徐海菜
C. 苏锡菜
D. 淮扬菜","下一个问题是关于中国的饮食文化。
苏菜系由淮扬、苏锡、徐海三大地方风味菜肴组成，以何种菜为主体
A. 上海菜
B. 徐海菜
C. 苏锡菜
D. 淮扬菜","The next question is about China's food culture.
Su cuisine is composed of three regional cuisines: Huaiyang, Suxi, and Xuhai. Which cuisine is the main one?
A. Shanghai cuisine
B. Xuhai cuisine
C. Suxi cuisine
D. Huaiyang cuisine"
196,提出“五谷为养，五果为助，五畜为益，五菜为充，气味合服，充益精气”的食物搭配原则的著作是,《黄帝内经》,《本草纲目》,《饮食须知》,《饮膳正要》,A,"A. 《黄帝内经》
B. 《本草纲目》
C. 《饮食须知》
D. 《饮膳正要》","下一个问题是关于中国的饮食文化。
提出“五谷为养，五果为助，五畜为益，五菜为充，气味合服，充益精气”的食物搭配原则的著作是
A. 《黄帝内经》
B. 《本草纲目》
C. 《饮食须知》
D. 《饮膳正要》","The next question is about China's food culture.
The book that put forward the principle of food combination of ""five grains for nourishment, five fruits for assistance, five animals for benefit, five vegetables for filling, taking them in harmony with each other, replenishing the essence"" is 
A. ""Huangdi Neijing"" 
B. ""Compendium of Materia Medica"" 
C. ""Dietary Notes"" 
D. ""Yinshi Zhengyao"""
197,唐代的陆羽精于茶事，著有《茶经》，被后世尊为,茶仙,茶人,茶圣,茶神,C,"A. 茶仙
B. 茶人
C. 茶圣
D. 茶神","下一个问题是关于中国的饮食文化。
唐代的陆羽精于茶事，著有《茶经》，被后世尊为
A. 茶仙
B. 茶人
C. 茶圣
D. 茶神","The next question is about China's food culture.
Lu Yu of the Tang Dynasty was an expert in tea affairs and wrote the Classic of Tea. He was later revered as
A. Tea Fairy
B. Tea Man
C. Tea Saint
D. Tea God"
198,下列不属于湘菜的是,七星丸,红煨鱼翅,麻辣子鸡,红烧全狗,A,"A. 七星丸
B. 红煨鱼翅
C. 麻辣子鸡
D. 红烧全狗","下一个问题是关于中国的饮食文化。
下列不属于湘菜的是
A. 七星丸
B. 红煨鱼翅
C. 麻辣子鸡
D. 红烧全狗","The next question is about China's food culture.
Which of the following is not a Hunan dish?
A. Seven-star balls
B. Braised shark fin
C. Spicy chicken
D. Braised whole dog"
199,到藏民家做客，主人首先会向客人敬上具有当地民族特色的,擂茶,酥油茶,烤茶,盖碗,B,"A. 擂茶
B. 酥油茶
C. 烤茶
D. 盖碗","下一个问题是关于中国的饮食文化。
到藏民家做客，主人首先会向客人敬上具有当地民族特色的
A. 擂茶
B. 酥油茶
C. 烤茶
D. 盖碗","The next question is about China's food culture.
When visiting a Tibetan family, the host will first offer the guests the local ethnic characteristics of 
A. Leicha
B. Butter tea
C. Roasted tea
D. Gaiwan"
200,宫廷菜南味以金陵（）、鄞都为代表,长安,广州,临安,开封,C,"A. 长安
B. 广州
C. 临安
D. 开封","下一个问题是关于中国的饮食文化。
宫廷菜南味以金陵（）、鄞都为代表
A. 长安
B. 广州
C. 临安
D. 开封","The next question is about China's food culture.
The southern style of imperial cuisine is represented by Jinling () and Yindu
A. Chang'an
B. Guangzhou
C. Lin'an
D. Kaifeng"
201,下列不属于官府菜的是,红楼菜,京菜,谭家菜,孔府菜,B,"A. 红楼菜
B. 京菜
C. 谭家菜
D. 孔府菜","下一个问题是关于中国的饮食文化。
下列不属于官府菜的是
A. 红楼菜
B. 京菜
C. 谭家菜
D. 孔府菜","The next question is about China's food culture.
The following is not a government-run dish
A. Honglou cuisine
B. Beijing cuisine
C. Tan’s cuisine
D. Confucius’ cuisine"
202,《周礼·天官冢宰》中记载，有专门为周天子以及王后、世子们的饮食生活效劳的部门和人员，诸如主管王室饮食的称为,内饔,膳夫,亨人,庖人,B,"A. 内饔
B. 膳夫
C. 亨人
D. 庖人","下一个问题是关于中国的饮食文化。
《周礼·天官冢宰》中记载，有专门为周天子以及王后、世子们的饮食生活效劳的部门和人员，诸如主管王室饮食的称为
A. 内饔
B. 膳夫
C. 亨人
D. 庖人","The next question is about China's food culture.
According to the ""Zhou Li·Tianguan Zongzai"", there are departments and personnel who serve the diet and life of the Zhou emperor, queen, and princes. For example, the person in charge of the royal family's diet is called
A. Neiyan
B. Shanfu
C. Hengren
D. Paoren"
203,“扁食、娇耳”是哪一个中国传统食品的别称,月饼,饺子,馄饨,麻花,B,"A. 月饼
B. 饺子
C. 馄饨
D. 麻花","下一个问题是关于中国的饮食文化。
“扁食、娇耳”是哪一个中国传统食品的别称
A. 月饼
B. 饺子
C. 馄饨
D. 麻花","The next question is about China's food culture.
""Bianshi, Jiao'er"" is the nickname of which traditional Chinese food
A. Mooncake
B. Dumplings
C. Wontons
D. Mahua"
204,我国历史上一篇烹饪理论文章是,《吕氏春秋 本味篇》,《随园食单》,《千金要方》,《食珍录》,A,"A. 《吕氏春秋 本味篇》
B. 《随园食单》
C. 《千金要方》
D. 《食珍录》","下一个问题是关于中国的饮食文化。
我国历史上一篇烹饪理论文章是
A. 《吕氏春秋 本味篇》
B. 《随园食单》
C. 《千金要方》
D. 《食珍录》","The next question is about China's food culture.
A cooking theory article in the history of my country is
A. ""Lüshi Chunqiu Benwei Pian""
B. ""Suiyuan Food List""
C. ""Qianjin Yaofang""
D. ""Shizhenlu"""
205,康熙南下巡视时，根据产地和形态将名茶“吓杀人香”赐名为,碧螺春,西湖龙井,六安瓜片,黄山毛峰,A,"A. 碧螺春
B. 西湖龙井
C. 六安瓜片
D. 黄山毛峰","下一个问题是关于中国的饮食文化。
康熙南下巡视时，根据产地和形态将名茶“吓杀人香”赐名为
A. 碧螺春
B. 西湖龙井
C. 六安瓜片
D. 黄山毛峰","The next question is about China's food culture.
When Emperor Kangxi went to the south for inspection, he named the famous tea ""Scaring Fragrance"" according to its origin and shape.
A. Biluochun
B. West Lake Longjing
C. Lu'an Guapian
D. Huangshan Maofeng"
206,下列不属于中国饮食养生的原则为,食饱为止,因人而宜,五味调和,合理调配,D,"A. 食饱为止
B. 因人而宜
C. 五味调和
D. 合理调配","下一个问题是关于中国的饮食文化。
下列不属于中国饮食养生的原则为
A. 食饱为止
B. 因人而宜
C. 五味调和
D. 合理调配","The next question is about China's food culture.
The following is not a principle of Chinese diet and health preservation
A. Eat until you are full
B. Eat according to individual needs
C. Harmonize the five flavors
D. Reasonable allocation"
207,颜色对菜肴的作用主要有增进食欲和,掌握火候,视觉欣赏,提高口感,辨别生熟,B,"A. 掌握火候
B. 视觉欣赏
C. 提高口感
D. 辨别生熟","下一个问题是关于中国的饮食文化。
颜色对菜肴的作用主要有增进食欲和
A. 掌握火候
B. 视觉欣赏
C. 提高口感
D. 辨别生熟","The next question is about China's food culture.
The main effects of color on dishes are to increase appetite and
A. Control the cooking temperature
B. Visual appreciation
C. Improve the taste
D. Distinguish between raw and cooked"
208,鲁菜的代表名菜是,大煮干丝,宫保鸡丁,鼎湖上素,九转大肠,D,"A. 大煮干丝
B. 宫保鸡丁
C. 鼎湖上素
D. 九转大肠","下一个问题是关于中国的饮食文化。
鲁菜的代表名菜是
A. 大煮干丝
B. 宫保鸡丁
C. 鼎湖上素
D. 九转大肠","The next question is about China's food culture.
The representative dishes of Shandong cuisine are
A. Boiled dried shredded vegetables
B. Kung Pao chicken
C. Dinghu Shangsu
D. Nine-turn large intestine"
209,擅长制作蜜制品的少数民族是,回族,蒙古族,藏族,满族,D,"A. 回族
B. 蒙古族
C. 藏族
D. 满族","下一个问题是关于中国的饮食文化。
擅长制作蜜制品的少数民族是
A. 回族
B. 蒙古族
C. 藏族
D. 满族","The next question is about China's food culture.
The ethnic minority that is good at making honey products is
A. Hui
B. Mongolian
C. Tibetan
D. Manchu"
210,“咕噜肉”所属的菜系是,淮扬菜系,川菜系,粤菜系,鲁菜系,C,"A. 淮扬菜系
B. 川菜系
C. 粤菜系
D. 鲁菜系","下一个问题是关于中国的饮食文化。
“咕噜肉”所属的菜系是
A. 淮扬菜系
B. 川菜系
C. 粤菜系
D. 鲁菜系","The next question is about China's food culture.
The cuisine of ""Sweet and sour pork"" is
A. Huaiyang cuisine
B. Sichuan cuisine
C. Cantonese cuisine
D. Shandong cuisine"
211,回族喝茶的一大特色是喝盖碗茶，俗称,奶茶,三生饮,三炮台,酥油茶,C,"A. 奶茶
B. 三生饮
C. 三炮台
D. 酥油茶","下一个问题是关于中国的饮食文化。
回族喝茶的一大特色是喝盖碗茶，俗称
A. 奶茶
B. 三生饮
C. 三炮台
D. 酥油茶","The next question is about China's food culture.
One of the characteristics of Hui people's tea drinking is drinking covered bowl tea, commonly known as
A. Milk tea
B. Sanshengyin
C. Sanpaotai
D. Butter tea"
212,中国正式宣布开始开展绿色食品是在,1990年,1987年,1998年,2002年,A,"A. 1990年
B. 1987年
C. 1998年
D. 2002年","下一个问题是关于中国的饮食文化。
中国正式宣布开始开展绿色食品是在
A. 1990年
B. 1987年
C. 1998年
D. 2002年","The next question is about China's food culture.
China officially announced the start of green food production in
A. 1990
B. 1987
C. 1998
D. 2002"
213,在下列菜肴香味搭配中，不合适的搭配是,蒜薤之香，宜配重腥等,油脂乳酥之香，多用于热烹之食物；,茵香、丁香，多与冷冻、水晶类莱希配伍；,白芷之香，宜配豚蟹,D,"A. 蒜薤之香，宜配重腥等
B. 油脂乳酥之香，多用于热烹之食物；
C. 茵香、丁香，多与冷冻、水晶类莱希配伍；
D. 白芷之香，宜配豚蟹","下一个问题是关于中国的饮食文化。
在下列菜肴香味搭配中，不合适的搭配是
A. 蒜薤之香，宜配重腥等
B. 油脂乳酥之香，多用于热烹之食物；
C. 茵香、丁香，多与冷冻、水晶类莱希配伍；
D. 白芷之香，宜配豚蟹","The next question is about China's food culture.
Among the following dish aroma combinations, the inappropriate combination is
A. The aroma of garlic and scallions is suitable for heavy fishy smells, etc.
B. The aroma of fat, butter and crisps is mostly used for hot food;
C. Yinxiang and cloves are often paired with frozen and crystal-like lecithin;
D. The aroma of angelica dahurica is suitable for pork and crab"
214,现代赴宴中的入座礼应该是,左入左出,右入左出,左入右出,右入右出,A,"A. 左入左出
B. 右入左出
C. 左入右出
D. 右入右出","下一个问题是关于中国的饮食文化。
现代赴宴中的入座礼应该是
A. 左入左出
B. 右入左出
C. 左入右出
D. 右入右出","The next question is about China's food culture.
The modern etiquette for seating at a banquet should be
A. In from the left, out from the left
B. In from the right, out from the left
C. In from the left, out from the right
D. In from the right, out from the right"
215,“食不厌精，脍不厌细”是（）菜的饮食原则,孔府菜,随园菜,谭家菜,红楼菜,A,"A. 孔府菜
B. 随园菜
C. 谭家菜
D. 红楼菜","下一个问题是关于中国的饮食文化。
“食不厌精，脍不厌细”是（）菜的饮食原则
A. 孔府菜
B. 随园菜
C. 谭家菜
D. 红楼菜","The next question is about China's food culture.
""Eat fine food and eat fine meat"" is the dietary principle of () cuisine
A. Confucius cuisine
B. Suiyuan cuisine
C. Tan's cuisine
D. Red Mansion cuisine"
216,以白煮和生烤为主要烹调方法的民族是,傣族,满族,朝鲜族,苗族,B,"A. 傣族
B. 满族
C. 朝鲜族
D. 苗族","下一个问题是关于中国的饮食文化。
以白煮和生烤为主要烹调方法的民族是
A. 傣族
B. 满族
C. 朝鲜族
D. 苗族","The next question is about China's food culture.
The ethnic group that mainly uses boiled and grilled food as cooking methods is
A. Dai
B. Manchu
C. Korean
D. Miao"
217,过年时常以年糕、糕点作祭品的是哪里的习惯?,朝鲜,日本,韩国,台湾,D,"A. 朝鲜
B. 日本
C. 韩国
D. 台湾","下一个问题是关于中国的饮食文化。
过年时常以年糕、糕点作祭品的是哪里的习惯?
A. 朝鲜
B. 日本
C. 韩国
D. 台湾","The next question is about China's food culture.
Where is the custom of using rice cakes and pastries as offerings during the New Year?
A. North Korea
B. Japan
C. South Korea
D. Taiwan"
218,中国烹饪在原料利用上的基本原则是,一料多吃,化废为宝,物尽其用,原料广泛,C,"A. 一料多吃
B. 化废为宝
C. 物尽其用
D. 原料广泛","下一个问题是关于中国的饮食文化。
中国烹饪在原料利用上的基本原则是
A. 一料多吃
B. 化废为宝
C. 物尽其用
D. 原料广泛","The next question is about China's food culture.
The basic principle of Chinese cooking in the use of raw materials is
A. One ingredient for multiple uses
B. Turn waste into treasure
C. Make the best use of everything
D. Wide range of raw materials"
219,冬季，人们日常选择食用温热助阳之品，以达扶阳散寒之功效，谓之,“药膳”,“食疗,“药补”,“食补”,D,"A. “药膳”
B. “食疗
C. “药补”
D. “食补”","下一个问题是关于中国的饮食文化。
冬季，人们日常选择食用温热助阳之品，以达扶阳散寒之功效，谓之
A. “药膳”
B. “食疗
C. “药补”
D. “食补”","The next question is about China's food culture.
In winter, people choose to eat warm and yang-boosting foods to achieve the effect of supporting yang and dispelling cold, which is called
A. ""Medicinal diet""
B. ""Diet therapy""
C. ""Medicinal supplement""
D. ""Dietary supplement"""
220,中国古代将烹饪风味流派称为,菜系,帮口,道口,风,B,"A. 菜系
B. 帮口
C. 道口
D. 风","下一个问题是关于中国的饮食文化。
中国古代将烹饪风味流派称为
A. 菜系
B. 帮口
C. 道口
D. 风","The next question is about China's food culture.
In ancient China, cooking styles were called 
A. Cuisine
B. Bangkou
C. Daokou
D. Feng"
221,现代宴会中入座后不正确姿势是,手肘靠在桌子边缘,手自然平放于大腿,脚踏在本人座位底下,正式用餐还未启动时不随意翻动桌上的碗筷,A,"A. 手肘靠在桌子边缘
B. 手自然平放于大腿
C. 脚踏在本人座位底下
D. 正式用餐还未启动时不随意翻动桌上的碗筷","下一个问题是关于中国的饮食文化。
现代宴会中入座后不正确姿势是
A. 手肘靠在桌子边缘
B. 手自然平放于大腿
C. 脚踏在本人座位底下
D. 正式用餐还未启动时不随意翻动桌上的碗筷","The next question is about China's food culture.
The incorrect posture after sitting down at a modern banquet is
A. Elbows resting on the edge of the table
B. Hands resting naturally on the thighs
C. Feet under one's seat
D. Do not flip the dishes on the table before the formal meal begins"
222,下列关于珠江流域的两广风味说法错误的是,广西风味，主要由桂北菜、桂东南荣、滨海菜和民族菜，四个流派组成,客家菜，用料以肉类为主，口味偏咸，注重酥香浓厚，乡土气息浓郁,“炸虾枣”、“红炖鱼翅”、“烧雁鹅”、“马蹄泥”、“豆酱鸡”是桂北菜肴的代表,广东菜肴的质味重视配套，要求有香、酐、脆、肥、浓之分,C,"A. 广西风味，主要由桂北菜、桂东南荣、滨海菜和民族菜，四个流派组成
B. 客家菜，用料以肉类为主，口味偏咸，注重酥香浓厚，乡土气息浓郁
C. “炸虾枣”、“红炖鱼翅”、“烧雁鹅”、“马蹄泥”、“豆酱鸡”是桂北菜肴的代表
D. 广东菜肴的质味重视配套，要求有香、酐、脆、肥、浓之分","下一个问题是关于中国的饮食文化。
下列关于珠江流域的两广风味说法错误的是
A. 广西风味，主要由桂北菜、桂东南荣、滨海菜和民族菜，四个流派组成
B. 客家菜，用料以肉类为主，口味偏咸，注重酥香浓厚，乡土气息浓郁
C. “炸虾枣”、“红炖鱼翅”、“烧雁鹅”、“马蹄泥”、“豆酱鸡”是桂北菜肴的代表
D. 广东菜肴的质味重视配套，要求有香、酐、脆、肥、浓之分","The next question is about China's food culture.
Which of the following statements about the Guangdong and Guangxi flavors in the Pearl River Basin is wrong?
A. Guangxi flavors are mainly composed of four schools: northern Guangxi cuisine, southeastern Guangxi cuisine, coastal cuisine, and ethnic cuisine.
B. Hakka cuisine is mainly meat-based, with a salty taste, focusing on crispy and rich flavors, and a strong local flavor.
C. ""Fried shrimp dates"", ""red stewed shark fins"", ""roasted geese"", ""horse hoof paste"", and ""bean sauce chicken"" are representative dishes of northern Guangxi.
D. The quality and taste of Guangdong cuisine emphasize matching, requiring fragrance, sourness, crispness, fatness, and richness."
223,（）是国宴的另一种表现形式，时间在晚上举行，其规格和标准与国宴相同，隆重热烈,晚宴,家宴,便宴,早宴,A,"A. 晚宴
B. 家宴
C. 便宴
D. 早宴","下一个问题是关于中国的饮食文化。
（）是国宴的另一种表现形式，时间在晚上举行，其规格和标准与国宴相同，隆重热烈
A. 晚宴
B. 家宴
C. 便宴
D. 早宴","The next question is about China's food culture.
() is another form of state banquet, held in the evening, with the same specifications and standards as state banquets, grand and warm
A. Dinner
B. Family dinner
C. Casual dinner
D. Breakfast"
224,区别不同饮食风味流派的重要标志是,制作者,口味,消费者,地区,B,"A. 制作者
B. 口味
C. 消费者
D. 地区","下一个问题是关于中国的饮食文化。
区别不同饮食风味流派的重要标志是
A. 制作者
B. 口味
C. 消费者
D. 地区","The next question is about China's food culture.
The important signs that distinguish different food flavors are
A. Producer
B. Taste
C. Consumer
D. Region"
225,一日三餐的定制大致在什么时期为民间普遍采用,明,汉,清,唐,B,"A. 明
B. 汉
C. 清
D. 唐","下一个问题是关于中国的饮食文化。
一日三餐的定制大致在什么时期为民间普遍采用
A. 明
B. 汉
C. 清
D. 唐","The next question is about China's food culture.
When did the custom of three meals a day become popular among the people?
A. Ming
B. Han
C. Qing
D. Tang"
226,下述不属于筷子使用的禁忌的是,品箸留声、交叉十字、当众上香,用前对齐、各指配合、拿法各异,三长两短、仙人指路、品箸留声,乾坤颠倒、定海神针、泪箸移珠,B,"A. 品箸留声、交叉十字、当众上香
B. 用前对齐、各指配合、拿法各异
C. 三长两短、仙人指路、品箸留声
D. 乾坤颠倒、定海神针、泪箸移珠","下一个问题是关于中国的饮食文化。
下述不属于筷子使用的禁忌的是
A. 品箸留声、交叉十字、当众上香
B. 用前对齐、各指配合、拿法各异
C. 三长两短、仙人指路、品箸留声
D. 乾坤颠倒、定海神针、泪箸移珠","The next question is about China's food culture.
The following are not taboos for using chopsticks
A. Tasting chopsticks to leave a sound, crossing the cross, burning incense in public
B. Align before use, coordinate fingers, hold in different ways
C. Three long and two short, immortals pointing the way, tasting chopsticks to leave a sound
D. Turning the world upside down, Dinghaishenzhen, tearing chopsticks to move beads"
227,“龙虎斗”又名“龙虎凤大烩”、“菊花龙虎凤”，是驰名中外的（）传统名菜,广东,江西,湖南,福建,A,"A. 广东
B. 江西
C. 湖南
D. 福建","下一个问题是关于中国的饮食文化。
“龙虎斗”又名“龙虎凤大烩”、“菊花龙虎凤”，是驰名中外的（）传统名菜
A. 广东
B. 江西
C. 湖南
D. 福建","The next question is about China's food culture.
""Dragon-Tiger Fight"" is also known as ""Dragon-Tiger-Phoenix Stew"" and ""Chrysanthemum Dragon-Tiger-Phoenix"". It is a famous traditional dish in ()
A. Guangdong
B. Jiangxi
C. Hunan
D. Fujian"
228,人类制作熟肉食品最早采用的方法是,烤,蒸,炒,煮,A,"A. 烤
B. 蒸
C. 炒
D. 煮","下一个问题是关于中国的饮食文化。
人类制作熟肉食品最早采用的方法是
A. 烤
B. 蒸
C. 炒
D. 煮","The next question is about China's food culture.
The earliest method used by humans to prepare cooked meat was 
A. roasting
B. steaming
C. frying
D. boiling"
229,据《周礼·天官宰》中记载，周代已出现了许多种关于酿酒方面的专职官吏，如掌握全国“酒之政令”的官称做,酒人,大酋,酒正,醯人,C,"A. 酒人
B. 大酋
C. 酒正
D. 醯人","下一个问题是关于中国的饮食文化。
据《周礼·天官宰》中记载，周代已出现了许多种关于酿酒方面的专职官吏，如掌握全国“酒之政令”的官称做
A. 酒人
B. 大酋
C. 酒正
D. 醯人","The next question is about China's food culture.
According to the ""Zhou Li·Tianguanzai"", there were many kinds of professional officials in the Zhou Dynasty for wine making. For example, the official who controlled the national ""wine policy"" was called
A. Jiuren
B. Daqi
C. Jiuzheng
D. Xiren"
230,烹饪作为食用成品的加工活动，在各个环节都有特定的操作方法与技能以及相应的烹任设备、炊 事用具等，这是指烹饪的什么特点,科学性,艺术性,技术性,文化性,C,"A. 科学性
B. 艺术性
C. 技术性
D. 文化性","下一个问题是关于中国的饮食文化。
烹饪作为食用成品的加工活动，在各个环节都有特定的操作方法与技能以及相应的烹任设备、炊 事用具等，这是指烹饪的什么特点
A. 科学性
B. 艺术性
C. 技术性
D. 文化性","The next question is about China's food culture.
Cooking, as a processing activity for edible finished products, has specific operating methods and skills in each link, as well as corresponding cooking equipment and utensils. What characteristics of cooking does this refer to?
A. Scientificity
B. Artistry
C. Technicality
D. Culturality"
231,关于我国现代宴饮的餐座和座次排放，叙述正确的是,靠近主人为尊，里为尊,右为尊，面门为尊,中为尊，右为尊,左为尊，面门为尊,D,"A. 靠近主人为尊，里为尊
B. 右为尊，面门为尊
C. 中为尊，右为尊
D. 左为尊，面门为尊","下一个问题是关于中国的饮食文化。
关于我国现代宴饮的餐座和座次排放，叙述正确的是
A. 靠近主人为尊，里为尊
B. 右为尊，面门为尊
C. 中为尊，右为尊
D. 左为尊，面门为尊","The next question is about China's food culture.
Regarding the seating arrangement and seating arrangement of modern banquets in my country, the correct statement is
A. The seat closest to the host is the most honorable, and the seat in the back is the most honorable
B. The seat on the right is the most honorable, and the seat facing the door is the most honorable
C. The seat in the middle is the most honorable, and the seat on the right is the most honorable
D. The seat on the left is the most honorable, and the seat facing the door is the most honorable"
232,长江中上游文化流域广大地区饮食风味体系的代表,江苏菜,浙江菜,川菜,湖南菜,C,"A. 江苏菜
B. 浙江菜
C. 川菜
D. 湖南菜","下一个问题是关于中国的饮食文化。
长江中上游文化流域广大地区饮食风味体系的代表
A. 江苏菜
B. 浙江菜
C. 川菜
D. 湖南菜","The next question is about China's food culture.
Representative of the food flavor system in the vast area of the middle and upper reaches of the Yangtze River
A. Jiangsu cuisine
B. Zhejiang cuisine
C. Sichuan cuisine
D. Hunan cuisine"
233,司马迁《史记·宗微子世家》有记载：“纣为象箸，箕子叹曰：彼为象箸，必为玉杯；为玉杯， 则必思远方珍怪之物而御之。舆马宫室之渐自此始，不可振也。”此段记载中关于箸的叙述正确的是,我国商纣时期已经出现了象箸,商朝时期的象箸只作为玩赏之用,商纣时期象箸已经被普遍使用,商朝已有大量象箸、玉箸和金银箸,A,"A. 我国商纣时期已经出现了象箸
B. 商朝时期的象箸只作为玩赏之用
C. 商纣时期象箸已经被普遍使用
D. 商朝已有大量象箸、玉箸和金银箸","下一个问题是关于中国的饮食文化。
司马迁《史记·宗微子世家》有记载：“纣为象箸，箕子叹曰：彼为象箸，必为玉杯；为玉杯， 则必思远方珍怪之物而御之。舆马宫室之渐自此始，不可振也。”此段记载中关于箸的叙述正确的是
A. 我国商纣时期已经出现了象箸
B. 商朝时期的象箸只作为玩赏之用
C. 商纣时期象箸已经被普遍使用
D. 商朝已有大量象箸、玉箸和金银箸","The next question is about China's food culture.
Sima Qian's ""Records of the Grand Historian: The Family of Zong Weizi"" records: ""Zhou made ivory chopsticks, and Jizi sighed and said: If he made ivory chopsticks, he must have made jade cups; if he made jade cups, he must have thought of exotic things from faraway places to wield them. The gradual development of chariots, horses, and palaces began from then on, and it was impossible to stop."" The correct description of chopsticks in this record is
A. Elephant chopsticks appeared in my country during the Shang Dynasty
B. Elephant chopsticks in the Shang Dynasty were only used for entertainment
C. Elephant chopsticks were already widely used during the Shang Dynasty
D. There were a large number of ivory chopsticks, jade chopsticks, and gold and silver chopsticks in the Shang Dynasty"
234,川菜系由五个分支构成，即高级筵席菜式、三蒸九扣菜式、群众便餐菜式、家常便餐菜式和,民间小吃菜式,寺院风味菜式,市肆风味菜式,官府风味菜式,A,"A. 民间小吃菜式
B. 寺院风味菜式
C. 市肆风味菜式
D. 官府风味菜式","下一个问题是关于中国的饮食文化。
川菜系由五个分支构成，即高级筵席菜式、三蒸九扣菜式、群众便餐菜式、家常便餐菜式和
A. 民间小吃菜式
B. 寺院风味菜式
C. 市肆风味菜式
D. 官府风味菜式","The next question is about China's food culture.
Sichuan cuisine consists of five branches, namely high-end banquet dishes, three-steamed and nine-braised dishes, mass casual dishes, home-cooked casual dishes and
A. Folk snack dishes
B. Temple-style dishes
C. Market-style dishes
D. Official-style dishes"
235,从菜肴的名称上体现出菜肴首创人的是,贵妃醉酒,文昌鸡,麻婆豆腐,天女散花,C,"A. 贵妃醉酒
B. 文昌鸡
C. 麻婆豆腐
D. 天女散花","下一个问题是关于中国的饮食文化。
从菜肴的名称上体现出菜肴首创人的是
A. 贵妃醉酒
B. 文昌鸡
C. 麻婆豆腐
D. 天女散花","The next question is about China's food culture.
The name of the dish reflects the originator of the dish
A. Drunken Concubine
B. Wenchang Chicken
C. Mapo Tofu
D. Heavenly Girl Scattering Flowers"
236,“庖丁解牛”出自我国古代著作,《庄子》,《孟子》,《春秋》,《论语》,A,"A. 《庄子》
B. 《孟子》
C. 《春秋》
D. 《论语》","下一个问题是关于中国的饮食文化。
“庖丁解牛”出自我国古代著作
A. 《庄子》
B. 《孟子》
C. 《春秋》
D. 《论语》","The next question is about China's food culture.
""Pao Ding butchers an ox"" comes from an ancient Chinese work
A. ""Zhuangzi""
B. ""Mencius""
C. ""Spring and Autumn Annals""
D. ""The Analects"""
237,元代忽思慧的饮食专著在继承我国古代饮食学的经验上，第一次从营养学的角度提出了关于身体健康的重要观点，这部著作是,《饮膳正要》,《食医心鉴》,《饮食须知》,《食疗本草》,A,"A. 《饮膳正要》
B. 《食医心鉴》
C. 《饮食须知》
D. 《食疗本草》","下一个问题是关于中国的饮食文化。
元代忽思慧的饮食专著在继承我国古代饮食学的经验上，第一次从营养学的角度提出了关于身体健康的重要观点，这部著作是
A. 《饮膳正要》
B. 《食医心鉴》
C. 《饮食须知》
D. 《食疗本草》","The next question is about China's food culture.
The diet monograph by Hu Sihui of the Yuan Dynasty inherited the experience of ancient Chinese dietetics and put forward important viewpoints on health from the perspective of nutrition for the first time. This book is
A. ""Yinshi Zhengyao""
B. ""Shiyi Xinjian""
C. ""Dietary Notes""
D. ""Shiyao Bencao"""
238,号称“川菜第一肴”并有“过门香”之称的菜肴是,回锅肉,麻婆豆腐,宫保鸡丁,鱼香肉丝,A,"A. 回锅肉
B. 麻婆豆腐
C. 宫保鸡丁
D. 鱼香肉丝","下一个问题是关于中国的饮食文化。
号称“川菜第一肴”并有“过门香”之称的菜肴是
A. 回锅肉
B. 麻婆豆腐
C. 宫保鸡丁
D. 鱼香肉丝","The next question is about China's food culture.
The dish known as ""the best Sichuan dish"" and ""the most popular dish"" is
A. Twice-cooked pork
B. Mapo tofu
C. Kung Pao chicken
D. Shredded pork with fish flavor"
239,“龙抄手”、“三大炮”是哪里的地区著名小吃,江苏,安徽,天津,四川,D,"A. 江苏
B. 安徽
C. 天津
D. 四川","下一个问题是关于中国的饮食文化。
“龙抄手”、“三大炮”是哪里的地区著名小吃
A. 江苏
B. 安徽
C. 天津
D. 四川","The next question is about China's food culture.
Where are the famous snacks ""Long Chao Shou"" and ""San Da Pao"" from?
A. Jiangsu
B. Anhui
C. Tianjin
D. Sichuan"
240,奶酪食品在我国哪一区域的少数民族饮食中最为常见,东北,东南,西北,西南,C,"A. 东北
B. 东南
C. 西北
D. 西南","下一个问题是关于中国的饮食文化。
奶酪食品在我国哪一区域的少数民族饮食中最为常见
A. 东北
B. 东南
C. 西北
D. 西南","The next question is about China's food culture.
In which region of my country is cheese food most common in the diet of ethnic minorities?
A. Northeast
B. Southeast
C. Northwest
D. Southwest"
