index,id,paragraph,question,choices,answer,options,ko,en
190,KHB_66_1,,"다음은 한국의 역사에 대한 문제이다.
(가) 시대의 생활 모습으로 옳은 것은?
VR가상 체험관
금속 도구를 사용하기 시작한 (가) 시대의 대표적 유물인 비파형 동검을 만들어 봅시다.
손잡이를 돌려 거푸집에 주물을 부어 보세요.","['A. 우경이 널리 보급되었다.', 'B. 철제 농기구를 사용하였다.', 'C. 주로 동굴이나 막집에서 살았다.', 'D. 지배층의 무덤으로 고인돌을 만들었다.']",D,"A. 우경이 널리 보급되었다.
B. 철제 농기구를 사용하였다.
C. 주로 동굴이나 막집에서 살았다.
D. 지배층의 무덤으로 고인돌을 만들었다.
","다음은 한국의 역사에 대한 문제이다.
(가) 시대의 생활 모습으로 옳은 것은?
VR가상 체험관
금속 도구를 사용하기 시작한 (가) 시대의 대표적 유물인 비파형 동검을 만들어 봅시다.
손잡이를 돌려 거푸집에 주물을 부어 보세요.
A. 우경이 널리 보급되었다.
B. 철제 농기구를 사용하였다.
C. 주로 동굴이나 막집에서 살았다.
D. 지배층의 무덤으로 고인돌을 만들었다.
","Next is a question about Korea's history.
(a) What is the correct way to live in that era?
VR virtual experience center
Let's make a lute-shaped bronze sword, a representative relic of the A period when metal tools began to be used.
Turn the handle to pour the casting into the mold.
A. Right-wing views have become widespread.
B. Iron farming tools were used.
C. They mainly lived in caves or huts.
D. Dolmens were made as tombs for the ruling class.
"
191,KHB_66_2,,"다음은 한국의 역사에 대한 문제이다.
다음과 관련된 나라로 옳은 것은?

- 읍균, 상로
- 무천
- 책화, 족외혼","['A. 동예', 'B. 부여', 'C. 삼한', 'D. 옥저']",A,"A. 동예
B. 부여
C. 삼한
D. 옥저
","다음은 한국의 역사에 대한 문제이다.
다음과 관련된 나라로 옳은 것은?

- 읍균, 상로
- 무천
- 책화, 족외혼
A. 동예
B. 부여
C. 삼한
D. 옥저
","Next is a question about Korea's history.
Which of the following is correct regarding the country?

- Eupgyun, Sangno
- Mucheon
- Book painting, exogamy
A. Dongye
B. Grant
C. Samhan
D. Okjeo
"
192,KHB_66_3,,"다음은 한국의 역사에 대한 문제이다.
(가)에 들어갈 내용으로 옳은 것은?
<다큐멘터리 기획안〉
백제, 전성기를 맞이하다
•  기획 의도
4세기 중반 활발한 대외 활동을 전개하고 백제를 발전시킨 근초고왕의 업적을 조명한다.
• 구성 내용
1부. 마한의 여러 세력을 복속시키다
2부. (가)
3부. 남조의 동진 및 왜와 교류하다","['A. 사비로 천도하다', 'B. 22담로를 설치하다', 'C. 고국원왕을 전사시키다', 'D. 독서삼품과를 시행하다']",C,"A. 사비로 천도하다
B. 22담로를 설치하다
C. 고국원왕을 전사시키다
D. 독서삼품과를 시행하다
","다음은 한국의 역사에 대한 문제이다.
(가)에 들어갈 내용으로 옳은 것은?
<다큐멘터리 기획안〉
백제, 전성기를 맞이하다
•  기획 의도
4세기 중반 활발한 대외 활동을 전개하고 백제를 발전시킨 근초고왕의 업적을 조명한다.
• 구성 내용
1부. 마한의 여러 세력을 복속시키다
2부. (가)
3부. 남조의 동진 및 왜와 교류하다
A. 사비로 천도하다
B. 22담로를 설치하다
C. 고국원왕을 전사시키다
D. 독서삼품과를 시행하다
","Next is a question about Korea's history.
Which of the following is correct in (a)?
<Documentary plan>
Baekje reaches its heyday
•  Planning the road
It highlights the achievements of King Geunchogo, who actively engaged in foreign activities and developed Baekje in the mid-4th century.
• What it consists of
chapter 1. Subjugate various forces of Mahan
Part 2. (go)
Part 3. Interacting with the Eastern Jin and Japanese of the Southern Dynasty
A. Move the capital at private expense
B. Installing 22 fences
C. Killing King Gogukwon
D. Implementation of reading sampumgwa
"
193,KHB_66_4,,"다음은 한국의 역사에 대한 문제이다.
다음은 역사적 사건을 시간 순으로 나열한 것이다. (가) 시기에 있었던 사실로 옳은 것은?
수의 군대를 이곳 살수에서 크게 물리쳤노라.,
(가),
우리가 안시성에서 힘을 합쳐 당군을 물리쳤다.","['A. 김흠돌이 반란을 도모하였다.', 'B. 연개소문이 정변을 일으켰다.', 'C. 장문휴가 당의 산둥 반도를 공격하였다.', 'D. 검모잠이 고구려 부흥 운동을 전개하였다.']",B,"A. 김흠돌이 반란을 도모하였다.
B. 연개소문이 정변을 일으켰다.
C. 장문휴가 당의 산둥 반도를 공격하였다.
D. 검모잠이 고구려 부흥 운동을 전개하였다.
","다음은 한국의 역사에 대한 문제이다.
다음은 역사적 사건을 시간 순으로 나열한 것이다. (가) 시기에 있었던 사실로 옳은 것은?
수의 군대를 이곳 살수에서 크게 물리쳤노라.,
(가),
우리가 안시성에서 힘을 합쳐 당군을 물리쳤다.
A. 김흠돌이 반란을 도모하였다.
B. 연개소문이 정변을 일으켰다.
C. 장문휴가 당의 산둥 반도를 공격하였다.
D. 검모잠이 고구려 부흥 운동을 전개하였다.
","Next is a question about Korea's history.
The following is a chronological list of historical events. (A) Which of the following is correct regarding the facts that occurred during the period?
We defeated Sui's army here at Salsu.
(go),
We joined forces at Ansi Fortress and defeated the Tang army.
A. Kim Heum-dol planned a rebellion.
B. Yeon Gaesomun caused a coup.
C. Zhang Wenxi attacked Tang's Shandong Peninsula.
D. Geommojam launched the Goguryeo revival movement.
"
194,KHB_66_5,,"다음은 한국의 역사에 대한 문제이다.
다음 퀴즈의 정답으로 옳은 것은?
혈통에 따라 관직 진출뿐만 아니라 일상생활까지 차별한 신라의 신분 제도는 무엇일까요?","['A. 골품 제도', 'B. 기인 제도', 'C. 음서 제도', 'D. 상수리 제도']",A,"A. 골품 제도
B. 기인 제도
C. 음서 제도
D. 상수리 제도
","다음은 한국의 역사에 대한 문제이다.
다음 퀴즈의 정답으로 옳은 것은?
혈통에 따라 관직 진출뿐만 아니라 일상생활까지 차별한 신라의 신분 제도는 무엇일까요?
A. 골품 제도
B. 기인 제도
C. 음서 제도
D. 상수리 제도
","Next is a question about Korea's history.
What is the correct answer to the following quiz?
What is Silla's status system that discriminated not only in advancement to government positions but also in daily life based on lineage?
A. Bone system
B. Gein system
C. Music book system
D. Sangsuri Islands
"
195,KHB_66_6,,"다음은 한국의 역사에 대한 문제이다.
다음과 관련된 문화유산으로 옳은 것은?
•종목: 국보
• 소재지: 경상북도 경주시
• 소개: 신라 선덕여왕 때 벽돌 모양으로 돌을 다듬어 쌓은 탑으로, 기단 위 모퉁이에 화강암으로 조각한 사자상이 놓여 있다.","['A. 분황사 모전 석탑', 'B. 정림사지 오층 석탑', 'C. 월정사 팔각 구층 석탑', 'D. 화엄사 사사자 삼층 석탑']",A,"A. 분황사 모전 석탑
B. 정림사지 오층 석탑
C. 월정사 팔각 구층 석탑
D. 화엄사 사사자 삼층 석탑
","다음은 한국의 역사에 대한 문제이다.
다음과 관련된 문화유산으로 옳은 것은?
•종목: 국보
• 소재지: 경상북도 경주시
• 소개: 신라 선덕여왕 때 벽돌 모양으로 돌을 다듬어 쌓은 탑으로, 기단 위 모퉁이에 화강암으로 조각한 사자상이 놓여 있다.
A. 분황사 모전 석탑
B. 정림사지 오층 석탑
C. 월정사 팔각 구층 석탑
D. 화엄사 사사자 삼층 석탑
","Next is a question about Korea's history.
Which of the following is true regarding cultural heritage?
•Event: National Treasure
• Location: Gyeongju-si, Gyeongsangbuk-do
• Introduction: This is a pagoda built with stones shaped like bricks during the reign of Queen Seondeok of Silla. There is a lion statue carved out of granite at the corner of the stylobate.
A. Stone pagoda of Bunhwangsa Temple
B. Five-story stone pagoda at Jeongnimsa Temple site
C. Woljeongsa Octagonal Nine-story Stone Pagoda
D. Hwaeomsa Temple Four Lions Three-story Stone Pagoda
"
196,KHB_66_7,,"다음은 한국의 역사에 대한 문제이다.
다음 사건이 일어난 시기를 연표에서 옳게 고른 것은?
진성왕 3년, 나라 안의 모든 주와 군에서 공물과 부세를 보내지 않아 창고가 텅 비어 나라의 재정이 궁핍해졌다. 왕이 관리를 보내 독촉하니 곳곳에서 도적이 벌떼처럼 일어났다. 이때 원종과 애노 등이 사벌주를 거점으로 반란을 일으켰다.
- 『삼국사기」 -
<연표>
433 나제 동맹 성립
(가)
562 진흥왕 신라 대가야 병합
(나)
676 신라  삼국 통일
(다)
780 헤공왕 피살
(라)
918 고려 건국","['A. (가)', 'B. (나)', 'C. (다)', 'D. (라)']",D,"A. (가)
B. (나)
C. (다)
D. (라)
","다음은 한국의 역사에 대한 문제이다.
다음 사건이 일어난 시기를 연표에서 옳게 고른 것은?
진성왕 3년, 나라 안의 모든 주와 군에서 공물과 부세를 보내지 않아 창고가 텅 비어 나라의 재정이 궁핍해졌다. 왕이 관리를 보내 독촉하니 곳곳에서 도적이 벌떼처럼 일어났다. 이때 원종과 애노 등이 사벌주를 거점으로 반란을 일으켰다.
- 『삼국사기」 -
<연표>
433 나제 동맹 성립
(가)
562 진흥왕 신라 대가야 병합
(나)
676 신라  삼국 통일
(다)
780 헤공왕 피살
(라)
918 고려 건국
A. (가)
B. (나)
C. (다)
D. (라)
","Next is a question about Korea's history.
Which of the following correctly selects the time period in which the following events occurred?
In the third year of King Jinseong's reign, all the states and counties in the country did not send tribute and taxes, leaving warehouses empty and the country's finances depleted. The king sent officials to urge them, and thieves arose like bees everywhere. At this time, Wonjong, Aeno, and others staged a rebellion based on Sabeolju.
- 『History of the Three Kingdoms』 -
<Chronological table>
433 Naje Alliance established
(go)
562 King Jinheung annexed Daegaya of Silla
(me)
676 Unification of the Three Kingdoms of Silla
(all)
780 King Hegong assassinated
(la)
918 Founding of Goryeo
A. (A)
B. (B)
C. (c)
D. (D)
"
197,KHB_66_8,,"다음은 한국의 역사에 대한 문제이다.
다음 글의 '인물'에 대한 설명으로 옳은 것은?
문화유산을 찾아서-상주 편 그는 아들 신검에 의해 금산사에 유폐된 비운의 왕이기도 해. 이 사당은 후백제를 세운 '인물'을 기리고 있어.","['A. 청해진을 설치하였다.', 'B. 국호를 마진으로 하였다.', 'C. 경주의 사심관으로 임명되었다.', 'D. 공산 전투에서 고려에 승리하였다.']",D,"A. 청해진을 설치하였다.
B. 국호를 마진으로 하였다.
C. 경주의 사심관으로 임명되었다.
D. 공산 전투에서 고려에 승리하였다.
","다음은 한국의 역사에 대한 문제이다.
다음 글의 '인물'에 대한 설명으로 옳은 것은?
문화유산을 찾아서-상주 편 그는 아들 신검에 의해 금산사에 유폐된 비운의 왕이기도 해. 이 사당은 후백제를 세운 '인물'을 기리고 있어.
A. 청해진을 설치하였다.
B. 국호를 마진으로 하였다.
C. 경주의 사심관으로 임명되었다.
D. 공산 전투에서 고려에 승리하였다.
","Next is a question about Korea's history.
Which of the following is a correct description of 'character'?
In Search of Cultural Heritage - Sangju Edition He is also an unfortunate king who was imprisoned in Geumsansa Temple by his son Shingeom. This shrine honors the ‘person’ who founded Later Baekje.
A. Cheonghaejin was established.
B. The name of the country was Majin.
C. Appointed as a private examiner in Gyeongju.
D. Victory over Goryeo in the Battle of Gongsan.
"
198,KHB_66_9,,"다음은 한국의 역사에 대한 문제이다.
다음 자료에 해당하는 국가의 문화유산으로 옳은 것은?
• 대조영은 마침내 그 무리를 거느리고 동쪽으로 가서 계루부의 옛 땅을 차지하고, 동포산에 웅거하여 성을 쌓고 살았다.
• 대인수가 왕위에 올라 연호를 건흥으로 바꾸었다.
여러 차례 학생들을 유학 보내어 고금의 제도를 익히게 하니. 비로소 해동성국에 이르렀다.","['A. 영광탑', 'B. 금관총 금관', 'C. 금동 대향로', 'D. 판갑옷과 투구']",A,"A. 영광탑
B. 금관총 금관
C. 금동 대향로
D. 판갑옷과 투구
","다음은 한국의 역사에 대한 문제이다.
다음 자료에 해당하는 국가의 문화유산으로 옳은 것은?
• 대조영은 마침내 그 무리를 거느리고 동쪽으로 가서 계루부의 옛 땅을 차지하고, 동포산에 웅거하여 성을 쌓고 살았다.
• 대인수가 왕위에 올라 연호를 건흥으로 바꾸었다.
여러 차례 학생들을 유학 보내어 고금의 제도를 익히게 하니. 비로소 해동성국에 이르렀다.
A. 영광탑
B. 금관총 금관
C. 금동 대향로
D. 판갑옷과 투구
","Next is a question about Korea's history.
Which of the following is a true cultural heritage of the country?
• Dae Jo-yeong finally took his group to the east, took possession of the old land of Gyerubu, settled down in Dongpo Mountain, built a castle, and lived there.
• Dae Insu ascended to the throne and changed the era name to Geonheung.
We sent students abroad several times to learn the systems of ancient times and modern times. We have finally reached the Kingdom of Thadong.
A. Yeonggwang Tower
B. Golden Crown Chong Gold Crown
C. Gilt-bronze incense burner
D. Plate armor and helmet
"
199,KHB_66_10,,"다음은 한국의 역사에 대한 문제이다.
다음 글의 왕의 업적으로 옳은 것은?
청주 용두사지 철당간에는 준풍이라는 연호가 새겨져 있습니다. 이 연호를 사용한 왕의 업적은 다음과 같습니다.
<업적>
노비안검법을 시행했어요.
관리의 복색을 제정했어요.","['A. 강화도로 천도했어요.', 'B. 쌍성총관부를 수복했어요.', 'C. 지방에 12목을 설치했어요.', 'D. 과거제를 처음으로 시행했어요.']",D,"A. 강화도로 천도했어요.
B. 쌍성총관부를 수복했어요.
C. 지방에 12목을 설치했어요.
D. 과거제를 처음으로 시행했어요.
","다음은 한국의 역사에 대한 문제이다.
다음 글의 왕의 업적으로 옳은 것은?
청주 용두사지 철당간에는 준풍이라는 연호가 새겨져 있습니다. 이 연호를 사용한 왕의 업적은 다음과 같습니다.
<업적>
노비안검법을 시행했어요.
관리의 복색을 제정했어요.
A. 강화도로 천도했어요.
B. 쌍성총관부를 수복했어요.
C. 지방에 12목을 설치했어요.
D. 과거제를 처음으로 시행했어요.
","Next is a question about Korea's history.
Which of the following is true about the king's accomplishments?
The era name “Junpung” is engraved on the iron hall of Yongdusa Temple Site in Cheongju. The achievements of kings who used this era name are as follows.
<Achievements>
I performed the Novy blepharoplasty.
The official uniform was established.
A. The capital was moved to Ganghwa Island.
B. Ssangseong Commandery Department was restored.
C. 12 branches were established in the local area.
D. The civil service examination system was implemented for the first time.
"
200,KHB_66_11,,"다음은 한국의 역사에 대한 문제이다.
(가) 시기에 있었던 사실로 옳은 것은?
현종 : 의복과 은그릇을 답례로 보내겠노라.
우리 여진이 부모의 나라인 고려에 말과 담비 가죽을 바칩니다
(가) 
이자겸 : 금이 강성해져 섬기지 않을 수 없습니다.","['A. 박위가 대마도를 정벌하였다.', 'B. 윤관이 별무반 설치를 건의하였다.', 'C. 김윤후가 처인성 전투에서 승리하였다.', 'D. 김춘추가 당과의 군사 동맹을 성사시켰다.']",B,"A. 박위가 대마도를 정벌하였다.
B. 윤관이 별무반 설치를 건의하였다.
C. 김윤후가 처인성 전투에서 승리하였다.
D. 김춘추가 당과의 군사 동맹을 성사시켰다.
","다음은 한국의 역사에 대한 문제이다.
(가) 시기에 있었던 사실로 옳은 것은?
현종 : 의복과 은그릇을 답례로 보내겠노라.
우리 여진이 부모의 나라인 고려에 말과 담비 가죽을 바칩니다
(가) 
이자겸 : 금이 강성해져 섬기지 않을 수 없습니다.
A. 박위가 대마도를 정벌하였다.
B. 윤관이 별무반 설치를 건의하였다.
C. 김윤후가 처인성 전투에서 승리하였다.
D. 김춘추가 당과의 군사 동맹을 성사시켰다.
","Next is a question about Korea's history.
(A) Which of the following is correct regarding the facts that occurred during the period?
King Hyeonjong: I will send you clothes and silverware in return.
We, Yeojin, offer horse and marten skins to Goryeo, the country of our parents.
(go) 
Lee Ja-gyeom: Geum has become stronger and has no choice but to serve it.
A. Park Wei conquered Tsushima Island.
B. Yoon Gwan suggested the establishment of a special task force.
C. Kim Yun-hu won the Battle of Cheoinseong.
D. Kim Chunchu concluded a military alliance with Tang.
"
201,KHB_66_12,,"다음은 한국의 역사에 대한 문제이다.
다음에서 설명하는 주전도감에서 주조한 화폐로 옳은 것은?
주전도감:
 고려 숙종 때 화폐를 주조하기 위해 설치된 기관.","['A. 명도전', 'B. 당백전', 'C. 백동화', 'D. 해동통보']",D,"A. 명도전
B. 당백전
C. 백동화
D. 해동통보
","다음은 한국의 역사에 대한 문제이다.
다음에서 설명하는 주전도감에서 주조한 화폐로 옳은 것은?
주전도감:
 고려 숙종 때 화폐를 주조하기 위해 설치된 기관.
A. 명도전
B. 당백전
C. 백동화
D. 해동통보
","Next is a question about Korea's history.
Which of the following is correct regarding minted currency in the Jujeondogam?
Jujeondobook:
 An institution established during the reign of King Sukjong of the Goryeo Dynasty to mint currency.
A. Myeongdojeon
B. Dangbaekjeon
C. Baek Dong-hwa
D. Notification of thawing
"
202,KHB_66_13,,"다음은 한국의 역사에 대한 문제이다.
(가)에 들어갈 문화유산으로 옳은 것은?
오늘 합천 해인사에서는 (가) 을(를) 머리에 이고 가는 정대불사가 진행되었습니다. 이 행사는 부처의 힘으로 몽골의 침략을 물리치고자 만든 (가) 을(를) 강화도에서 해인사로 옮긴 것을 기념하기 위해 시작되었습니다.","['A. 초조대장경', 'B. 팔만대장경판', 'C. 직지심체요절', 'D. 무구정광대다라니경']",C,"A. 초조대장경
B. 팔만대장경판
C. 직지심체요절
D. 무구정광대다라니경
","다음은 한국의 역사에 대한 문제이다.
(가)에 들어갈 문화유산으로 옳은 것은?
오늘 합천 해인사에서는 (가) 을(를) 머리에 이고 가는 정대불사가 진행되었습니다. 이 행사는 부처의 힘으로 몽골의 침략을 물리치고자 만든 (가) 을(를) 강화도에서 해인사로 옮긴 것을 기념하기 위해 시작되었습니다.
A. 초조대장경
B. 팔만대장경판
C. 직지심체요절
D. 무구정광대다라니경
","Next is a question about Korea's history.
Which of the following is correct as cultural heritage to be included in (a)?
Today, at Haeinsa Temple in Hapcheon, a Jeongdaebulsa ceremony was held in which people carried A on their heads. This event began to commemorate the move of the temple from Ganghwa Island to Haeinsa Temple, which was created to defeat the Mongol invasion with the power of Buddha.
A. Chojo Tripitaka Koreana
B. Tripitaka Koreana
C. Jikjisimchejo
D. Mugujeonggwang Great Dharani Sutra
"
203,KHB_66_14,,"다음은 한국의 역사에 대한 문제이다.
다음 글의 '이 왕'의 업적으로 옳은 것은?
'이 왕'은 후삼국을 통일하고 발해 유민까지 포용했어요. 저는 이것을 그림으로 표현해 보았어요.","['A. 흑창을 만들었다.', 'B. 천리장성을 축조하였다.', 'C. 전민변정도감을 설치하였다.', 'D. 전시과를 처음으로 시행하였다.']",A,"A. 흑창을 만들었다.
B. 천리장성을 축조하였다.
C. 전민변정도감을 설치하였다.
D. 전시과를 처음으로 시행하였다.
","다음은 한국의 역사에 대한 문제이다.
다음 글의 '이 왕'의 업적으로 옳은 것은?
'이 왕'은 후삼국을 통일하고 발해 유민까지 포용했어요. 저는 이것을 그림으로 표현해 보았어요.
A. 흑창을 만들었다.
B. 천리장성을 축조하였다.
C. 전민변정도감을 설치하였다.
D. 전시과를 처음으로 시행하였다.
","Next is a question about Korea's history.
Which of the following is true about the achievements of ‘this king’?
‘This king’ unified the Later Three Kingdoms and even embraced the Balhae refugees. I tried to express this in a picture.
A. I made a black spear.
B. The Cheonri Wall was built.
C. The National Change Guide was established.
D. Exhibition department was implemented for the first time.
"
204,KHB_66_15,,"다음은 한국의 역사에 대한 문제이다.
다음 글의 ‘이 시기'에 볼 수 있는 모습으로 적절하지 않은 것은?
왼쪽 그림에서는 발립을 쓴 관리의 모습, 오른쪽 그림에서는 변발과 호복을 한 무사의 모습을 볼 수 있습니다. 이러한 복식은 '이 시기' 지배층 사이에서 유행하였습니다.
복식으로 배우는 한국사 이조년 초상천산대렵도(일부)","['A. 매를 조련시키는 응방 관리', 'B. 원에 공녀로 끌려가는 여인', 'C. 황룡사 구층 목탑을 세우는 목공', 'D. 권문세족에게 땅을 빼앗기는 농민']",C,"A. 매를 조련시키는 응방 관리
B. 원에 공녀로 끌려가는 여인
C. 황룡사 구층 목탑을 세우는 목공
D. 권문세족에게 땅을 빼앗기는 농민
","다음은 한국의 역사에 대한 문제이다.
다음 글의 ‘이 시기'에 볼 수 있는 모습으로 적절하지 않은 것은?
왼쪽 그림에서는 발립을 쓴 관리의 모습, 오른쪽 그림에서는 변발과 호복을 한 무사의 모습을 볼 수 있습니다. 이러한 복식은 '이 시기' 지배층 사이에서 유행하였습니다.
복식으로 배우는 한국사 이조년 초상천산대렵도(일부)
A. 매를 조련시키는 응방 관리
B. 원에 공녀로 끌려가는 여인
C. 황룡사 구층 목탑을 세우는 목공
D. 권문세족에게 땅을 빼앗기는 농민
","Next is a question about Korea's history.
Which of the following is not appropriate for what can be seen in ‘this period’ in the following article?
In the picture on the left, you can see an official wearing a balip, and in the picture on the right, you can see a warrior wearing a pigtail and robes. This type of clothing was popular among the ruling class ‘during this period’.
Learning Korean History through Clothing Portrait of Lee Jo-nyeon, Cheonsandaeryeopdo (part)
A. Management of falcon training
B. A woman taken to the royal family as a princess
C. Woodworking to build the nine-story wooden pagoda of Hwangnyongsa Temple
D. Farmers whose land is taken away by the Kwonmunse clan
"
205,KHB_66_16,,"다음은 한국의 역사에 대한 문제이다.
(가) 인물에 대한 설명으로 옳은 것은?
〈한국사 토론〉
요동 정벌, 어떻게 볼 것인가?
A : 저는 최영의 주장처럼 명의
철령위 설치에 맞서 요동 정벌을 추진해야 했다고 생각합니다.

B : 아닙니다. 저는 요동 정벌은 무리라는 (가)의 4불가론이 타당하다고 생각합니다.","['A. 강동 6주를 획득하였다.', 'B. 비격진천뢰를 제작하였다.', 'C. 황산에서 왜구를 물리쳤다.', 'D. 매소성 전투를 승리로 이끌었다.']",C,"A. 강동 6주를 획득하였다.
B. 비격진천뢰를 제작하였다.
C. 황산에서 왜구를 물리쳤다.
D. 매소성 전투를 승리로 이끌었다.
","다음은 한국의 역사에 대한 문제이다.
(가) 인물에 대한 설명으로 옳은 것은?
〈한국사 토론〉
요동 정벌, 어떻게 볼 것인가?
A : 저는 최영의 주장처럼 명의
철령위 설치에 맞서 요동 정벌을 추진해야 했다고 생각합니다.

B : 아닙니다. 저는 요동 정벌은 무리라는 (가)의 4불가론이 타당하다고 생각합니다.
A. 강동 6주를 획득하였다.
B. 비격진천뢰를 제작하였다.
C. 황산에서 왜구를 물리쳤다.
D. 매소성 전투를 승리로 이끌었다.
","Next is a question about Korea's history.
(a) Which of the following is correct about the character?
〈Korean History Discussion〉
How should we view the conquest of Liaodong?
A: As Choi Young claims, I
I think the conquest of Liaodong should have been pursued in response to the establishment of the Cheollyeong Committee.

B: No. I think the four-pronged theory in (a) that conquering Liaodong is impossible is valid.
A. We obtained 6 shares of Gangdong.
B. Bigyeokjincheonroe was produced.
C. Defeated the Japanese pirates at Hwangsan Mountain.
D. He led the Battle of Maesoseong to victory.
"
206,KHB_66_17,,"다음은 한국의 역사에 대한 문제이다.
다음 가상 인터뷰에 등장하는 왕의 업적으로 옳은 것은?
여진의 침입이 잦아 최유덕과 김종서를 파견하여 4군 6진을 개척하였습니다.
조선의 북방 영토를 넓힌 과정을 말씀해 주세요.","['A. 비변사를 폐지하였다.', 'B. 칠정산을 편찬하였다.', 'C. 동의보감을 간행하였다.', 'D. 백두산정계비를 건립하였다.']",B,"A. 비변사를 폐지하였다.
B. 칠정산을 편찬하였다.
C. 동의보감을 간행하였다.
D. 백두산정계비를 건립하였다.
","다음은 한국의 역사에 대한 문제이다.
다음 가상 인터뷰에 등장하는 왕의 업적으로 옳은 것은?
여진의 침입이 잦아 최유덕과 김종서를 파견하여 4군 6진을 개척하였습니다.
조선의 북방 영토를 넓힌 과정을 말씀해 주세요.
A. 비변사를 폐지하였다.
B. 칠정산을 편찬하였다.
C. 동의보감을 간행하였다.
D. 백두산정계비를 건립하였다.
","Next is a question about Korea's history.
Which of the following is true about King's accomplishments in the hypothetical interview?
Due to frequent Jurchen invasions, Choi Yu-deok and Kim Jong-seo were dispatched to develop 4 armies and 6 formations.
Please tell us about the process by which Joseon expanded its northern territory.
A. Non-byeonsa was abolished.
B. Chiljeongsan was compiled.
C. Donguibogam was published.
D. The Baekdu Mountain Jeonggye Monument was erected.
"
207,KHB_66_18,,"다음은 한국의 역사에 대한 문제이다.
다음 글의 일들을 한 조선시대 왕으로 옳은 것은?
<정치>
6조 직계제
호패법
사간원
<사회 문화>
계미자
창덕궁
신문고
혼일감리역대국도 지도","['A. 태종', 'B. 세조', 'C. 중종', 'D. 영조']",A,"A. 태종
B. 세조
C. 중종
D. 영조
","다음은 한국의 역사에 대한 문제이다.
다음 글의 일들을 한 조선시대 왕으로 옳은 것은?
<정치>
6조 직계제
호패법
사간원
<사회 문화>
계미자
창덕궁
신문고
혼일감리역대국도 지도
A. 태종
B. 세조
C. 중종
D. 영조
","Next is a question about Korea's history.
Which of the following is correct about the king of the Joseon Dynasty who did the things in the following article?
<Politics>
Article 6: Direct succession system
Hopae method
Saganwon
<Social Culture>
Gyemija
Changdeokgung Palace
Sinmungo
Honil Methodist Station National Road Map
A. Taejong
B. King Sejo
C. King Jungjong
D. Yeongjo
"
208,KHB_66_19,,"다음은 한국의 역사에 대한 문제이다.
다음 글의 '제도'로 옳은 것은?
우리나라에 이런 '제도'가 생겼군 앞으로 방납인의 벗어날 수 있겠어! 
 방납의 폐단을 막고자 별도의 관청을 설치하니 각 고을은 토산물을 납부하던 공납을 대신하여 토지결 수를 기준으로 쌀이나 옷감, 동전 등으로 납부하라.","['A. 균역법', 'B. 대동법', 'C. 영정법', 'D. 직전법']",B,"A. 균역법
B. 대동법
C. 영정법
D. 직전법
","다음은 한국의 역사에 대한 문제이다.
다음 글의 '제도'로 옳은 것은?
우리나라에 이런 '제도'가 생겼군 앞으로 방납인의 벗어날 수 있겠어! 
 방납의 폐단을 막고자 별도의 관청을 설치하니 각 고을은 토산물을 납부하던 공납을 대신하여 토지결 수를 기준으로 쌀이나 옷감, 동전 등으로 납부하라.
A. 균역법
B. 대동법
C. 영정법
D. 직전법
","Next is a question about Korea's history.
Which of the following is correct regarding 'institution'?
This kind of 'system' has been created in our country. Will we be able to get rid of the debtor problem in the future? 
 In order to prevent the evils of free payment, a separate government office was established, and each town was required to pay rice, cloth, coins, etc. based on the number of land parcels instead of paying local products.
A. Mycobacterial method
B. Daedongbeop
C. Yeongjeongbeop
D. Immediate law
"
209,KHB_66_20,,"다음은 한국의 역사에 대한 문제이다.
(가) 전쟁에 대한 설명으로 옳지 않은 것은?
역사 탐방 계획서
1. 주제: (가) 의 격전지를 가다
2. 기간: 2023년 00월 00일 ~00일
3. 코스: 진주 - 통영 -> 부산
진주성 - 김시민 등이 왜군에 맞서 전투를 벌인 곳
한산도 앞바다 - 이순신이 학익진으로 왜군에 대승을 거둔 곳
동래읍성지 일대 - 송상현 등이 왜군과 맞서 싸운 곳","['A. 조현이 금산에서 의병을 이끌었다.', 'B. 임경업이 백마산성에서 항전하였다.', 'C. 곽재우가 의병을 일으켜 정암진에서 싸웠다.', 'D. 신립이 탄금대에서 배수의 진을 치고 전투를 벌였다.']",B,"A. 조현이 금산에서 의병을 이끌었다.
B. 임경업이 백마산성에서 항전하였다.
C. 곽재우가 의병을 일으켜 정암진에서 싸웠다.
D. 신립이 탄금대에서 배수의 진을 치고 전투를 벌였다.
","다음은 한국의 역사에 대한 문제이다.
(가) 전쟁에 대한 설명으로 옳지 않은 것은?
역사 탐방 계획서
1. 주제: (가) 의 격전지를 가다
2. 기간: 2023년 00월 00일 ~00일
3. 코스: 진주 - 통영 -> 부산
진주성 - 김시민 등이 왜군에 맞서 전투를 벌인 곳
한산도 앞바다 - 이순신이 학익진으로 왜군에 대승을 거둔 곳
동래읍성지 일대 - 송상현 등이 왜군과 맞서 싸운 곳
A. 조현이 금산에서 의병을 이끌었다.
B. 임경업이 백마산성에서 항전하였다.
C. 곽재우가 의병을 일으켜 정암진에서 싸웠다.
D. 신립이 탄금대에서 배수의 진을 치고 전투를 벌였다.
","Next is a question about Korea's history.
(a) Which of the following is not an accurate explanation of the war?
historical tour plan
1. Topic: Going to the battlefield of (A)
2. Period: 00/00/2023 - 00/00/2023
3. Course: Jinju - Tongyeong -> Busan
Jinjuseong Fortress - Where Kim Si-min and others fought against the Japanese army
The sea off Hansando - the place where Yi Sun-sin achieved a great victory over the Japanese army with the crane wing formation.
Dongrae-eupseong Site area - the place where Song Sang-hyeon and others fought against the Japanese army
A. Jo Hyeon led the volunteer army in Geumsan.
B. Lim Gyeong-eop fought at Baekmasanseong Fortress.
C. Kwak Jae-woo raised a volunteer army and fought in Jeongamjin.
D. Shin Rip fought against Bae Bae’s camp at Tangeumdae.
"
210,KHB_66_21,,"다음은 한국의 역사에 대한 문제이다.
(가)~(다)를 일어난 순서대로 옳게 나열한 것은?
명청 교체기 조선의 대외 관계
(가) 강홍립의 부대가 파병되어 후금과 전투하였어요.
(나) 청의 요청으로 나선 정벌에 조총 부대가 파견되었어요.
(다) 남한산성에서 나온 인조가 삼전도에서 청에 항복하였어요.","['A. (가) - (나) - (다)', 'B. (가) - (다) - (나)', 'C. (나) - (가) - (다)', 'D. (다) - (나) - (가)']",D,"A. (가) - (나) - (다)
B. (가) - (다) - (나)
C. (나) - (가) - (다)
D. (다) - (나) - (가)
","다음은 한국의 역사에 대한 문제이다.
(가)~(다)를 일어난 순서대로 옳게 나열한 것은?
명청 교체기 조선의 대외 관계
(가) 강홍립의 부대가 파병되어 후금과 전투하였어요.
(나) 청의 요청으로 나선 정벌에 조총 부대가 파견되었어요.
(다) 남한산성에서 나온 인조가 삼전도에서 청에 항복하였어요.
A. (가) - (나) - (다)
B. (가) - (다) - (나)
C. (나) - (가) - (다)
D. (다) - (나) - (가)
","Next is a question about Korea's history.
Which of the following correctly lists (a) to (c) in the order in which they occurred?
Joseon's foreign relations during the Ming and Qing period
(A) Kang Hong-rip's troops were dispatched and fought against Later Jin.
(B) At the request of the Qing, an artillery unit was dispatched to conquer Nason.
(c) King Injo, who came out of Namhansanseong Fortress, surrendered to the Qing at Samjeondo.
A. (a) - (b) - (c)
B. (a) - (c) - (b)
C. (B) - (A) - (C)
D. (c) - (b) - (a)
"
211,KHB_66_22,,"다음은 한국의 역사에 대한 문제이다.
(가)에 해당하는 사건으로 옳은 것은?
","['A. 경신환국', 'B. 기해예송', 'C. 병인박해', 'D. 을사사화']",B,"A. 경신환국
B. 기해예송
C. 병인박해
D. 을사사화
","다음은 한국의 역사에 대한 문제이다.
(가)에 해당하는 사건으로 옳은 것은?

A. 경신환국
B. 기해예송
C. 병인박해
D. 을사사화
","Next is a question about Korea's history.
Which of the following is correct regarding case (a)?

A. Gyeongshinhwanguk
B. Gihae Yesong
C. Byeongin Persecution
D. Eulsa Sahwa
"
212,KHB_66_23,,"다음은 한국의 역사에 대한 문제이다.
다음 글에 언급된 '겸재 정선'의 작품으로 옳은 것은?
겸재 정선, 우리 자연의 아름다움을 화폭에 담다
화면을 넘기면 다른 작품을 볼 수 있습니다.","['A. 영통동구도', 'B. 세한도', 'C. 인왕제색도', 'D. 몽유도원도']",D,"A. 영통동구도
B. 세한도
C. 인왕제색도
D. 몽유도원도
","다음은 한국의 역사에 대한 문제이다.
다음 글에 언급된 '겸재 정선'의 작품으로 옳은 것은?
겸재 정선, 우리 자연의 아름다움을 화폭에 담다
화면을 넘기면 다른 작품을 볼 수 있습니다.
A. 영통동구도
B. 세한도
C. 인왕제색도
D. 몽유도원도
","Next is a question about Korea's history.
Which of the following is correct regarding the work of 'Gyeomjae Jeongseon' mentioned in the following article?
Gyeomjae Jeongseon captures the beauty of our nature on canvas.
If you scroll through the screen, you can see other works.
A. Yeongtong-dong district map
B. Sehando
C. Nioh Jesaekdo
D. Mongyudowondo
"
213,KHB_66_24,,"다음은 한국의 역사에 대한 문제이다.
선생님의 질문에 대한 학생의 대답으로 옳지 않은 것은?
선생님 : 이 화폐가 전국에 유통된 시기의 경제 상황에 대해서 말해볼까요","['A. 정기 시장인 장시가 전국 각지에서 열렸어요', 'B. 관청에 물품을 조달하는 공인이 활동했어요.', 'C. 송상이 각지에 송방이라는 지점을 설치했어요.', 'D. 벽란도에서 활발한 국제 무역이 이루어졌어요']",C,"A. 정기 시장인 장시가 전국 각지에서 열렸어요
B. 관청에 물품을 조달하는 공인이 활동했어요.
C. 송상이 각지에 송방이라는 지점을 설치했어요.
D. 벽란도에서 활발한 국제 무역이 이루어졌어요
","다음은 한국의 역사에 대한 문제이다.
선생님의 질문에 대한 학생의 대답으로 옳지 않은 것은?
선생님 : 이 화폐가 전국에 유통된 시기의 경제 상황에 대해서 말해볼까요
A. 정기 시장인 장시가 전국 각지에서 열렸어요
B. 관청에 물품을 조달하는 공인이 활동했어요.
C. 송상이 각지에 송방이라는 지점을 설치했어요.
D. 벽란도에서 활발한 국제 무역이 이루어졌어요
","Next is a question about Korea's history.
Which of the following is incorrect in the student's answer to the teacher's question?
Teacher: Let’s talk about the economic situation at the time this currency was distributed throughout the country.
A. Regular markets were held all over the country.
B. A public figure was active in procuring goods to government offices.
C. Songsang has established branches called Songbang in various locations.
D. Active international trade took place in Byeokran Island.
"
214,KHB_66_25,,"다음은 한국의 역사에 대한 문제이다.
다음 글의 '이 왕’의 업적으로 옳은 것은?
화면에 펼쳐진 자료에 대해 설명해 주시겠습니까?
네. 이것은 초계문신제를 시행한 '이 왕'이 규장각의 관원 등을 초대하여 함께 지은 시를 모든 것입니다.","['A. 경복궁을 중건하였다.', 'B. 영선사를 파견하였다.', 'C. 장용영을 창설하였다.', 'D. 훈민정음을 창제하였다.']",C,"A. 경복궁을 중건하였다.
B. 영선사를 파견하였다.
C. 장용영을 창설하였다.
D. 훈민정음을 창제하였다.
","다음은 한국의 역사에 대한 문제이다.
다음 글의 '이 왕’의 업적으로 옳은 것은?
화면에 펼쳐진 자료에 대해 설명해 주시겠습니까?
네. 이것은 초계문신제를 시행한 '이 왕'이 규장각의 관원 등을 초대하여 함께 지은 시를 모든 것입니다.
A. 경복궁을 중건하였다.
B. 영선사를 파견하였다.
C. 장용영을 창설하였다.
D. 훈민정음을 창제하였다.
","Next is a question about Korea's history.
Which of the following is true about the achievements of ‘this king’?
Could you please explain the material displayed on the screen?
yes. This is all about a poem written by 'King Lee', who implemented the Chogye Munsinje, by inviting the officials of Gyujanggak and others together.
A. Gyeongbokgung Palace was rebuilt.
B. Youngseonsa was dispatched.
C. Jang Yong-yeong was founded.
D. Hunminjeongeum was created.
"
215,KHB_66_26,,"다음은 한국의 역사에 대한 문제이다.
다음 글의 '사건'에 대한 설명으로 옳은 것은?
이 지도는 홍경래가 주도하여 일으킨 ‘사건’을 진압하기 위해 관군이 정주성을 포위한 상황을 보여주고 있습니다.
정주성공함작전도(모사보)","['A. 보국안민, 제폭구민을 기치로 내걸었다.', 'B. 한성 조약이 체결되는 결과를 가져왔다.', 'C. 서북 지역민에 대한 차별에 반발하여 일어났다.', 'D. 전개 과정에서 선혜청과 일본 공사관을 공격하였다.']",A,"A. 보국안민, 제폭구민을 기치로 내걸었다.
B. 한성 조약이 체결되는 결과를 가져왔다.
C. 서북 지역민에 대한 차별에 반발하여 일어났다.
D. 전개 과정에서 선혜청과 일본 공사관을 공격하였다.
","다음은 한국의 역사에 대한 문제이다.
다음 글의 '사건'에 대한 설명으로 옳은 것은?
이 지도는 홍경래가 주도하여 일으킨 ‘사건’을 진압하기 위해 관군이 정주성을 포위한 상황을 보여주고 있습니다.
정주성공함작전도(모사보)
A. 보국안민, 제폭구민을 기치로 내걸었다.
B. 한성 조약이 체결되는 결과를 가져왔다.
C. 서북 지역민에 대한 차별에 반발하여 일어났다.
D. 전개 과정에서 선혜청과 일본 공사관을 공격하였다.
","Next is a question about Korea's history.
Which of the following is a correct explanation for the 'event'?
This map shows the situation in which the government army surrounded Jeongju Castle to suppress the ‘incident’ led by Hong Gyeong-rae.
Jeongju Successful Operation Map (copy)
A. We raised the banner of protecting the people of the country and protecting the people of Jepok-gu.
B. It resulted in the signing of the Hanseong Treaty.
C. It arose in protest against discrimination against residents of the northwest region.
D. During the deployment, Seonhyecheong and the Japanese embassy were attacked.
"
216,KHB_66_27,,"다음은 한국의 역사에 대한 문제이다.
(가)에 들어갈 사건으로 옳은 것은?
역사 신문
일본과의 조약이 체결되다
작년 가을 강화도와 영종도 일대에서 (가)을 일으킨 일본과의 회담이 최근 수 차례 열렸다. 일본이 피해 보상과 조선의 개항을 일방적으로 무력 시위하는 일본 군인들 요구하자. 조정에서는 이에 대한 찬반 논쟁 끝에 신헌을 파견하여 조일 수호 조규를 체결하였다.","['A. 운요호 사건', 'B. 105인 사건', 'C. 제너럴 셔먼호 사건', 'D. 오페르트 도굴 사건']",C,"A. 운요호 사건
B. 105인 사건
C. 제너럴 셔먼호 사건
D. 오페르트 도굴 사건
","다음은 한국의 역사에 대한 문제이다.
(가)에 들어갈 사건으로 옳은 것은?
역사 신문
일본과의 조약이 체결되다
작년 가을 강화도와 영종도 일대에서 (가)을 일으킨 일본과의 회담이 최근 수 차례 열렸다. 일본이 피해 보상과 조선의 개항을 일방적으로 무력 시위하는 일본 군인들 요구하자. 조정에서는 이에 대한 찬반 논쟁 끝에 신헌을 파견하여 조일 수호 조규를 체결하였다.
A. 운요호 사건
B. 105인 사건
C. 제너럴 셔먼호 사건
D. 오페르트 도굴 사건
","Next is a question about Korea's history.
Which of the following is correct regarding the case in (a)?
historical newspaper
A treaty with Japan is concluded
Several meetings have been held recently with Japan, which caused the incident last fall in the Ganghwa Island and Yeongjong Island areas. Let Japan demand compensation for damages and the opening of Joseon ports to Japanese soldiers who are unilaterally demonstrating by force. After debating the pros and cons, the government dispatched Shin Heon to sign the Joseon-Japan Protection Agreement.
A. Unyo Lake Incident
B. 105 people incident
C. General Sherman Incident
D. Opert Robbery Incident
"
217,KHB_66_28,,"다음은 한국의 역사에 대한 문제이다.
다음 글의 '변란'으로 옳은 것은? 중국 톈진에 억류당하시게된 경위를 들을 수 있을까요?
구식 군인들이 '변란'을 일으키자. 나는 사태 수습을 위해 입궐하여 통리기무아문과 별기군을 폐지하였소. 그런데 청군이 나를 변란의 책임자로 지목하여 이곳으로 납치하였소,","['A. 갑신정변', 'B. 신미양요', 'C. 임오군란', 'D. 임술 농민 봉기']",C,"A. 갑신정변
B. 신미양요
C. 임오군란
D. 임술 농민 봉기
","다음은 한국의 역사에 대한 문제이다.
다음 글의 '변란'으로 옳은 것은? 중국 톈진에 억류당하시게된 경위를 들을 수 있을까요?
구식 군인들이 '변란'을 일으키자. 나는 사태 수습을 위해 입궐하여 통리기무아문과 별기군을 폐지하였소. 그런데 청군이 나를 변란의 책임자로 지목하여 이곳으로 납치하였소,
A. 갑신정변
B. 신미양요
C. 임오군란
D. 임술 농민 봉기
","Next is a question about Korea's history.
Which of the following is correct about 'uprising'? Can we hear the circumstances of how you were detained in Tianjin, China?
Let the old-fashioned soldiers cause a 'rebellion'. In order to control the situation, I entered the palace and abolished Tonggimuamun and Byeolgigun. However, the Qing army identified me as the person responsible for the uprising and kidnapped me here.
A. Gapsin Coup
B. Shinmiyangyo
C. Imo Military Rebellion
D. Imsul Peasant Uprising
"
218,KHB_66_29,,"다음은 한국의 역사에 대한 문제이다.
다음 글의 '나'에 대한 설명으로 옳은 것은?
‘나’는 대한 제국의 주권을 침탈한 이토히로부미를 대한의군 참모중장 자격으로 하얼빈역에서 처단하였습니다.","['A. 중광단을 결성하였다.', 'B. 독립 의군부를 조직하였다.', 'C. 동양 평화론을 집필하였다.', 'D. 시일야방성대곡을 발표하였다.']",B,"A. 중광단을 결성하였다.
B. 독립 의군부를 조직하였다.
C. 동양 평화론을 집필하였다.
D. 시일야방성대곡을 발표하였다.
","다음은 한국의 역사에 대한 문제이다.
다음 글의 '나'에 대한 설명으로 옳은 것은?
‘나’는 대한 제국의 주권을 침탈한 이토히로부미를 대한의군 참모중장 자격으로 하얼빈역에서 처단하였습니다.
A. 중광단을 결성하였다.
B. 독립 의군부를 조직하였다.
C. 동양 평화론을 집필하였다.
D. 시일야방성대곡을 발표하였다.
","Next is a question about Korea's history.
Which of the following is a correct description of 'I'?
‘I’ executed Hirobumi Ito, who usurped the sovereignty of the Korean Empire, at Harbin Station as a lieutenant general of the Korean Army.
A. Junggwangdan was formed.
B. An independent military unit was organized.
C. Wrote Oriental Peace Theory.
D. Siilya Bangseongdaegok was released.
"
219,KHB_66_30,,"다음은 한국의 역사에 대한 문제이다.
다음 공고가 발표된 시기 일제의 정책으로 옳은 것은?
〈토지 조사 사무원 생도 모집>
조선 총독부에서는 토지 조사 사업을 진행할 사무원 및 기술원 생도를 모집합니다.
• 모집 인원: 150명
• 수업 기간: 6개월 이내
• 담당 기관: 임시 토지 조사국 사무원 양성과","['A. 농광 회사를 설립하였다.', 'B. 조선 태형령을 시행하였다.', 'C. 산미 증식 계획을 실시하였다.', 'D. 화폐 정리 사업을 추진하였다.']",B,"A. 농광 회사를 설립하였다.
B. 조선 태형령을 시행하였다.
C. 산미 증식 계획을 실시하였다.
D. 화폐 정리 사업을 추진하였다.
","다음은 한국의 역사에 대한 문제이다.
다음 공고가 발표된 시기 일제의 정책으로 옳은 것은?
〈토지 조사 사무원 생도 모집>
조선 총독부에서는 토지 조사 사업을 진행할 사무원 및 기술원 생도를 모집합니다.
• 모집 인원: 150명
• 수업 기간: 6개월 이내
• 담당 기관: 임시 토지 조사국 사무원 양성과
A. 농광 회사를 설립하였다.
B. 조선 태형령을 시행하였다.
C. 산미 증식 계획을 실시하였다.
D. 화폐 정리 사업을 추진하였다.
","Next is a question about Korea's history.
What was the correct policy of Japan at the time the following notice was issued?
〈Recruitment of land survey clerk cadets>
The Japanese Government-General of Korea is recruiting clerks and technical cadets to carry out land survey projects.
• Number of people recruited: 150 people
• Class period: within 6 months
• Responsible agency: Temporary Land Survey Bureau Clerk Training Department
A. An agricultural and mining company was established.
B. The Joseon flogging ordinance was implemented.
C. Acidity proliferation plan was implemented.
D. The currency consolidation project was promoted.
"
220,KHB_66_31,,"다음은 한국의 역사에 대한 문제이다.
다음 글에서 설명하는 인물로 옳은 것은?
훈격: 대통령장
독립운동가
공적 개요
• 영국인 베델과 함께 대한매일신보 창간
• 비밀 결사인 신민회 조직
• 상하이로 건너가 대한민국 임시 정부에서 활동","['A. 김원봉', 'B. 나석주', 'C. 신익희', 'D. 양기탁']",D,"A. 김원봉
B. 나석주
C. 신익희
D. 양기탁
","다음은 한국의 역사에 대한 문제이다.
다음 글에서 설명하는 인물로 옳은 것은?
훈격: 대통령장
독립운동가
공적 개요
• 영국인 베델과 함께 대한매일신보 창간
• 비밀 결사인 신민회 조직
• 상하이로 건너가 대한민국 임시 정부에서 활동
A. 김원봉
B. 나석주
C. 신익희
D. 양기탁
","Next is a question about Korea's history.
Which of the following is correct regarding the character described in the following passage?
Discipline: President
independence activist
Public Overview
• Founded the Daehan Maeil Shinbo together with Bethel, an Englishman.
• Shinminhoe organization, a secret society
• Moved to Shanghai and worked in the Provisional Government of the Republic of Korea
A. Kim Won-bong
B. Na Seok-ju
C. Shin Ik-hee
D. Yang Ki-tak
"
221,KHB_66_32,,"다음은 한국의 역사에 대한 문제이다.
다음 상황 이후에 볼 수 있는 모습으로 가장 적절한 것은?
사람 1: 저것이 며칠 전 동대문에서 서대문까지 운행을 시작한 전차라는 것인가? 
 사람 2: 그렇다네.한성 전기 회사에서 전기를 공급하여 운행한다더군","['A. 한성순보를 발간하는 직원', 'B. 만민 공동회에서 연설하는 백정', 'C. 경부선 철도 개통식에 참석하는 관리', 'D. 동문학에서 영어를 공부하고 있는 학생']",C,"A. 한성순보를 발간하는 직원
B. 만민 공동회에서 연설하는 백정
C. 경부선 철도 개통식에 참석하는 관리
D. 동문학에서 영어를 공부하고 있는 학생
","다음은 한국의 역사에 대한 문제이다.
다음 상황 이후에 볼 수 있는 모습으로 가장 적절한 것은?
사람 1: 저것이 며칠 전 동대문에서 서대문까지 운행을 시작한 전차라는 것인가? 
 사람 2: 그렇다네.한성 전기 회사에서 전기를 공급하여 운행한다더군
A. 한성순보를 발간하는 직원
B. 만민 공동회에서 연설하는 백정
C. 경부선 철도 개통식에 참석하는 관리
D. 동문학에서 영어를 공부하고 있는 학생
","Next is a question about Korea's history.
What is the most appropriate thing to see after the following situation?
Person 1: Is that the tram that started running from Dongdaemun to Seodaemun a few days ago? 
 Person 2: That’s right. I heard that Hanseong Electric Company supplies electricity to run the car.
A. Employees who publish Hanseong Sunbo
B. Baekjeong giving a speech at the Manmin Joint Meeting
C. Officials attending the opening ceremony of the Gyeongbu Line
D. Student studying English at Dongmunhak
"
222,KHB_66_33,,"다음은 한국의 역사에 대한 문제이다.
(가)에 들어갈 전투로 옳은 것은?
한국사 웹툰
웹툰으로 배우는 일제 강점기
시즌 2. 1920년대 국외 독립운동
제 목
1화 봉오동 전투, 홍범도의 지휘 아래 일본군을 격파하다
2화
(가) , 독립군 연합 부대가 백운평•
어랑촌 등에서 일본군을 대파하다
3화 간도 참변, 독립운동의 근거지가 파괴되다","['A. 영릉가 전투', 'B. 청산리 전투', 'C. 흥경성 전투', 'D. 대전자령 전투']",B,"A. 영릉가 전투
B. 청산리 전투
C. 흥경성 전투
D. 대전자령 전투
","다음은 한국의 역사에 대한 문제이다.
(가)에 들어갈 전투로 옳은 것은?
한국사 웹툰
웹툰으로 배우는 일제 강점기
시즌 2. 1920년대 국외 독립운동
제 목
1화 봉오동 전투, 홍범도의 지휘 아래 일본군을 격파하다
2화
(가) , 독립군 연합 부대가 백운평•
어랑촌 등에서 일본군을 대파하다
3화 간도 참변, 독립운동의 근거지가 파괴되다
A. 영릉가 전투
B. 청산리 전투
C. 흥경성 전투
D. 대전자령 전투
","Next is a question about Korea's history.
Which of the following is the correct battle to enter in (a)?
Korean History Webtoon
Learning about the Japanese colonial period through webtoons
Season 2. Overseas independence movement in the 1920s
title
Episode 1 Battle of Bongo-dong, defeating the Japanese army under the command of Hong Beom-do
Episode 2
(a), the combined independence army unit was Baekunpyeong•
Defeat the Japanese army in Eorangchon, etc.
Episode 3 Gando disaster, the base of the independence movement is destroyed
A. Battle of Yeongneunga
B. Battle of Cheongsanri
C. Battle of Heunggyeongseong
D. Battle of Daejeonjaryeong
"
223,KHB_66_34,,"다음은 한국의 역사에 대한 문제이다.
(가)의 활동으로 옳은 것은?
","['A. 독립문을 건립하였다.', 'B. 서전서숙을 설립하였다.', 'C. 대한국 국제를 반포하였다.', 'D. 한국 광복군을 창설하였다.']",D,"A. 독립문을 건립하였다.
B. 서전서숙을 설립하였다.
C. 대한국 국제를 반포하였다.
D. 한국 광복군을 창설하였다.
","다음은 한국의 역사에 대한 문제이다.
(가)의 활동으로 옳은 것은?

A. 독립문을 건립하였다.
B. 서전서숙을 설립하였다.
C. 대한국 국제를 반포하였다.
D. 한국 광복군을 창설하였다.
","Next is a question about Korea's history.
Which of the following is correct regarding activity (a)?

A. Independence Gate was built.
B. Seojeon Seosuk was established.
C. The Korean International was promulgated.
D. The Korean Liberation Army was established.
"
224,KHB_66_35,,"다음은 한국의 역사에 대한 문제이다.
(가)에 들어갈 내용으로 옳은 것은?
ㅁㅁ신문
이봉창 의사 선서문, 보물 되다
이봉창 의사가 한인 애국단 단원으로서 조국의 독립과 자유를 회복하기 위해 헌신할 것을 다짐한 선서문이 국가 지정 문화재인 보물이 되었다.
1931년 상하이에서 한인 애국단의 1호 단원이 된 그는, (가)","['A. 도쿄에서 일왕을 향해 폭탄을 투척하였다.', 'B. 홍커우 공원에서 일본군 장성 등을 살상하였다.', 'C. 명동 성당 앞에서 이완용을 습격하여 중상을 입혔다.', 'D. 샌프란시스코에서 친일 인사인 스티븐스를 사살하였다.']",A,"A. 도쿄에서 일왕을 향해 폭탄을 투척하였다.
B. 홍커우 공원에서 일본군 장성 등을 살상하였다.
C. 명동 성당 앞에서 이완용을 습격하여 중상을 입혔다.
D. 샌프란시스코에서 친일 인사인 스티븐스를 사살하였다.
","다음은 한국의 역사에 대한 문제이다.
(가)에 들어갈 내용으로 옳은 것은?
ㅁㅁ신문
이봉창 의사 선서문, 보물 되다
이봉창 의사가 한인 애국단 단원으로서 조국의 독립과 자유를 회복하기 위해 헌신할 것을 다짐한 선서문이 국가 지정 문화재인 보물이 되었다.
1931년 상하이에서 한인 애국단의 1호 단원이 된 그는, (가)
A. 도쿄에서 일왕을 향해 폭탄을 투척하였다.
B. 홍커우 공원에서 일본군 장성 등을 살상하였다.
C. 명동 성당 앞에서 이완용을 습격하여 중상을 입혔다.
D. 샌프란시스코에서 친일 인사인 스티븐스를 사살하였다.
","Next is a question about Korea's history.
Which of the following is correct in (a)?
ㅁㅁNewspaper
Doctor Bongchang Lee’s oath becomes a treasure
The oath written by Dr. Lee Bong-chang, in which he pledged to devote himself to restoring the independence and freedom of his country as a member of the Korean Patriotic Corps, has become a nationally designated cultural asset and treasure.
He became the first member of the Korean Patriotic Corps in Shanghai in 1931.
A. A bomb was thrown at the Japanese Emperor in Tokyo.
B. Japanese generals and others were killed in Hongkou Park.
C. Attacked Lee Wan-yong in front of Myeongdong Cathedral and seriously injured him.
D. Stevens, a pro-Japanese figure, was killed in San Francisco.
"
225,KHB_66_36,,"다음은 한국의 역사에 대한 문제이다.
(가) 시기에 있었던 사실로 옳은 것은?
고종이 러시아 공사관에서 경운궁으로 돌아와 황제로 즉위하고 국호를 (가)로 선포한 이후에 사용한 어새입니다.
(가) 고종 황제어새와 내함","['A. 지계가 발급되었다.', 'B. 척화비가 건립되었다.', 'C. 육영 공원이 설립되었다.', 'D. 군국기무처가 설치되었다.']",A,"A. 지계가 발급되었다.
B. 척화비가 건립되었다.
C. 육영 공원이 설립되었다.
D. 군국기무처가 설치되었다.
","다음은 한국의 역사에 대한 문제이다.
(가) 시기에 있었던 사실로 옳은 것은?
고종이 러시아 공사관에서 경운궁으로 돌아와 황제로 즉위하고 국호를 (가)로 선포한 이후에 사용한 어새입니다.
(가) 고종 황제어새와 내함
A. 지계가 발급되었다.
B. 척화비가 건립되었다.
C. 육영 공원이 설립되었다.
D. 군국기무처가 설치되었다.
","Next is a question about Korea's history.
(A) Which of the following is correct regarding the facts that occurred during the period?
This is the royal seal used by King Gojong after he returned to Gyeongungung Palace from the Russian Embassy, ​​ascended the throne as emperor, and declared the name of the country as (ga).
(A) Emperor Gojong’s royal palace and inner vessel
A. A notice has been issued.
B. The monument to Cheokhwa was erected.
C. Yukyoung Park was established.
D. The Office of Military and National Security was established.
"
226,KHB_66_37,,"다음은 한국의 역사에 대한 문제이다.
다음 글의 '이 시기'에 볼 수 있는 모습으로 적절하지 않은 것은?
이것은 일제 강점기 학적부의 일부입니다. 중일 전쟁 이후 침략 전쟁을 확대하던 '이 시기'에 일제는 학생들에게도 일본식으로 성명을 바꾸게 하는 창씨개명을 강요하였습니다.","['A. 공출을 독려하는 애국반 반장', 'B. 황국 신민 서사를 암송하는 학생', 'C. 국민 징용령에 의해 끌려가는 청년', 'D. 회사령을 공포하는 조선 총독부 관리']",D,"A. 공출을 독려하는 애국반 반장
B. 황국 신민 서사를 암송하는 학생
C. 국민 징용령에 의해 끌려가는 청년
D. 회사령을 공포하는 조선 총독부 관리
","다음은 한국의 역사에 대한 문제이다.
다음 글의 '이 시기'에 볼 수 있는 모습으로 적절하지 않은 것은?
이것은 일제 강점기 학적부의 일부입니다. 중일 전쟁 이후 침략 전쟁을 확대하던 '이 시기'에 일제는 학생들에게도 일본식으로 성명을 바꾸게 하는 창씨개명을 강요하였습니다.
A. 공출을 독려하는 애국반 반장
B. 황국 신민 서사를 암송하는 학생
C. 국민 징용령에 의해 끌려가는 청년
D. 회사령을 공포하는 조선 총독부 관리
","Next is a question about Korea's history.
Which of the following is not appropriate for what can be seen in 'this period' in the following article?
This is part of the academic register during the Japanese colonial period. During this period, when the war of aggression was expanding after the Sino-Japanese War, Japan forced students to change their names to Japanese ones.
A. Patriotic class leader encouraging public release
B. Student reciting the epic of the imperial subjects
C. Young people taken by national conscription order
D. Officials of the Japanese Government-General of Korea promulgating the Company Ordinance
"
227,KHB_66_38,,"다음은 한국의 역사에 대한 문제이다.
다음 퀴즈의 정답으로 옳은 것은?
한국사 퀴즈 대회
• 제시된 힌트를 종합하여 알 수 있는 단체의 이름은 무엇일까요?
1단계 | 1927년에 결성된 여성 운동 단체
2단계 | 민족주의 세력과 사회주의 세력이 협동하여 설립
3단계 | 신간회의 자매 단체 로 전국에 지회를 두고 활동","['A. 근우회', 'B. 보안회', 'C. 송죽회', 'D. 색동회']",A,"A. 근우회
B. 보안회
C. 송죽회
D. 색동회
","다음은 한국의 역사에 대한 문제이다.
다음 퀴즈의 정답으로 옳은 것은?
한국사 퀴즈 대회
• 제시된 힌트를 종합하여 알 수 있는 단체의 이름은 무엇일까요?
1단계 | 1927년에 결성된 여성 운동 단체
2단계 | 민족주의 세력과 사회주의 세력이 협동하여 설립
3단계 | 신간회의 자매 단체 로 전국에 지회를 두고 활동
A. 근우회
B. 보안회
C. 송죽회
D. 색동회
","Next is a question about Korea's history.
What is the correct answer to the following quiz?
Korean History Quiz Contest
• What is the name of the organization that can be found by combining the hints provided?
Step 1 | Women's movement group formed in 1927
Step 2 | Established through cooperation between nationalist and socialist forces
Step 3 | Singanhoe is a sister organization with branches across the country.
A. Friends Association
B. Security Council
C. Songjukhoe
D. Saekdonghoe
"
228,KHB_66_39,,"다음은 한국의 역사에 대한 문제이다.
다음 글의 '이 민주화 운동'에 대한 설명으로 옳은 것은?
'고바우'가 바라본 우리 현대사

이 만화는 김성환이 그린 '고바우 영감으로 1987년 7월 1일자 신문에 게재되었다.
호헌 철폐, 독재 타도를 외친 '이 민주화 운동'으로 대통령 직선제 개헌을 약속하는 발표가 나자, 기뻐하는 국민들의 모습을 작가가네컷 만화로 표현하였다.","['A. 유신 체제가 붕괴되는 계기가 되었다.', 'B. 양원제 국회가 출현하는 결과를 가져왔다.', 'C. 박종철과 이한열 등의 희생으로 확산되었다.', 'D. 전개 과정에서 시민군이 자발적으로 조직되었다.']",C,"A. 유신 체제가 붕괴되는 계기가 되었다.
B. 양원제 국회가 출현하는 결과를 가져왔다.
C. 박종철과 이한열 등의 희생으로 확산되었다.
D. 전개 과정에서 시민군이 자발적으로 조직되었다.
","다음은 한국의 역사에 대한 문제이다.
다음 글의 '이 민주화 운동'에 대한 설명으로 옳은 것은?
'고바우'가 바라본 우리 현대사

이 만화는 김성환이 그린 '고바우 영감으로 1987년 7월 1일자 신문에 게재되었다.
호헌 철폐, 독재 타도를 외친 '이 민주화 운동'으로 대통령 직선제 개헌을 약속하는 발표가 나자, 기뻐하는 국민들의 모습을 작가가네컷 만화로 표현하였다.
A. 유신 체제가 붕괴되는 계기가 되었다.
B. 양원제 국회가 출현하는 결과를 가져왔다.
C. 박종철과 이한열 등의 희생으로 확산되었다.
D. 전개 과정에서 시민군이 자발적으로 조직되었다.
","Next is a question about Korea's history.
Which of the following is a correct explanation of 'this democratization movement'?
Our modern history as seen by ‘Gobau’

This cartoon was published in a newspaper dated July 1, 1987 under the inspiration of 'Gobau' drawn by Kim Seong-hwan.
When an announcement was made promising a constitutional amendment to a direct presidential system through the 'Democratization Movement', which called for the abolition of constitutional protection and the overthrow of dictatorship, the author expressed the joyful people in a four-cut cartoon.
A. It became an opportunity for the collapse of the Yushin system.
B. It resulted in the emergence of a bicameral National Assembly.
C. It spread thanks to the sacrifices of Park Jong-cheol and Lee Han-yeol.
D. During the deployment process, a citizen army was voluntarily organized.
"
229,KHB_66_40,,"다음은 한국의 역사에 대한 문제이다.
(가)에 들어갈 내용으로 옳은 것은?
역사 인물 카드
•호: 우사
• 생몰: 1881년 ~ 1950년
• 주요 활동
- 파리 강화 회의에 신한 청년당 대표로 파견
- 대한민국 임시 정부 부주석 등 역임 (가)
- 남북 협상 참여","['A. 대성 학교 설립', 'B. 조선 혁명 선언 작성', 'C. 좌우 합작 위원회 결성', 'D. 한국독립운동지혈사 저술']",C,"A. 대성 학교 설립
B. 조선 혁명 선언 작성
C. 좌우 합작 위원회 결성
D. 한국독립운동지혈사 저술
","다음은 한국의 역사에 대한 문제이다.
(가)에 들어갈 내용으로 옳은 것은?
역사 인물 카드
•호: 우사
• 생몰: 1881년 ~ 1950년
• 주요 활동
- 파리 강화 회의에 신한 청년당 대표로 파견
- 대한민국 임시 정부 부주석 등 역임 (가)
- 남북 협상 참여
A. 대성 학교 설립
B. 조선 혁명 선언 작성
C. 좌우 합작 위원회 결성
D. 한국독립운동지혈사 저술
","Next is a question about Korea's history.
Which of the following is correct in (a)?
historical figure cards
•House: Usa
• Birth and death: 1881 - 1950
• Main activities
- Dispatched as a representative of the Shinhan Youth Party to the Paris Peace Conference
- Served as Vice President of the Provisional Government of the Republic of Korea (A)
- Participation in inter-Korean negotiations
A. Establishment of Daesung School
B. Writing the Joseon Revolutionary Declaration
C. Formation of left-right joint committee
D. Written by Hemostasis of the Korean Independence Movement
"
230,KHB_66_41,,"다음은 한국의 역사에 대한 문제이다.
(가) 전쟁 중에 있었던 사실로 옳지 않은 것은?
1.4 후퇴에 대해 검색 결과입니다.
(가) 전쟁 당시 압록강과 두만강 유역까지 북진했던 국군과 유엔군이 중국군의 공세에 밀려 서울 이남 지역 까지 철수한 사건입니다. 이로 인해 수많은 피란민이 발생 하였습니다.","['A. 흥남 철수 전개', 'B. 발췌 개헌안 통과', 'C. 인천 상륙 작전 개시', 'D. 반민족 행위 처벌법 제정']",D,"A. 흥남 철수 전개
B. 발췌 개헌안 통과
C. 인천 상륙 작전 개시
D. 반민족 행위 처벌법 제정
","다음은 한국의 역사에 대한 문제이다.
(가) 전쟁 중에 있었던 사실로 옳지 않은 것은?
1.4 후퇴에 대해 검색 결과입니다.
(가) 전쟁 당시 압록강과 두만강 유역까지 북진했던 국군과 유엔군이 중국군의 공세에 밀려 서울 이남 지역 까지 철수한 사건입니다. 이로 인해 수많은 피란민이 발생 하였습니다.
A. 흥남 철수 전개
B. 발췌 개헌안 통과
C. 인천 상륙 작전 개시
D. 반민족 행위 처벌법 제정
","Next is a question about Korea's history.
(a) Which of the following is not true about what happened during the war?
These are the search results for 1.4 Retreat.
(A) This is an incident in which the ROK and UN forces, which had advanced north to the Yalu River and Duman River basins during the war, were pushed back by the Chinese military's offensive and withdrew to the area south of Seoul. This resulted in numerous refugees.
A. Heungnam withdrawal development
B. Excerpt Constitutional Amendment Bill Passed
C. Incheon landing operation begins
D. Enactment of laws to punish anti-national acts
"
231,KHB_66_42,,"다음은 한국의 역사에 대한 문제이다.
다음이 일어난 정부 시기에 있었던 또 다른 사실로 옳은 것은?
새마을 운동
광주 대단지 사건
100억 달러 수출 달성","['A. 농지 개혁법이 제정되었다.', 'B. 경부 고속 도로를 준공하였다.', 'C. 금융 실명제를 전면 실시하였다.', 'D. 경제 협력 개발 기구(OECD)에 가입하였다.']",B,"A. 농지 개혁법이 제정되었다.
B. 경부 고속 도로를 준공하였다.
C. 금융 실명제를 전면 실시하였다.
D. 경제 협력 개발 기구(OECD)에 가입하였다.
","다음은 한국의 역사에 대한 문제이다.
다음이 일어난 정부 시기에 있었던 또 다른 사실로 옳은 것은?
새마을 운동
광주 대단지 사건
100억 달러 수출 달성
A. 농지 개혁법이 제정되었다.
B. 경부 고속 도로를 준공하였다.
C. 금융 실명제를 전면 실시하였다.
D. 경제 협력 개발 기구(OECD)에 가입하였다.
","Next is a question about Korea's history.
Which other fact about the following government period is true?
Saemaeul Movement
Gwangju Daejeon incident
Achieved $10 billion in exports
A. The Land Reform Act was enacted.
B. The Gyeongbu Expressway was completed.
C. The financial real-name system was fully implemented.
D. Joined the Organization for Economic Cooperation and Development (OECD).
"
232,KHB_66_43,,"다음은 한국의 역사에 대한 문제이다.
다음이 일어난 때의 대한민국 정부의 통일 노력으로 옳은 것은?
정주영이 소 떼를 몰고 북한을 방문하였어요
IMF 구제 금융을 조기 상환한 이 정부 시기에 또 어떤 일들이 있었나요?
한일 월드컵 축구 대회가 개최 되었지요","['A. 남북 기본 합의서를 채택하였다.', 'B. 남북한이 유엔에 동시 가입하였다.', 'C. 6• 15 남북 공동 선언을 발표하였다.', 'D. 최초로 남북 간 이산가족 상봉을 성사시켰다.']",C,"A. 남북 기본 합의서를 채택하였다.
B. 남북한이 유엔에 동시 가입하였다.
C. 6• 15 남북 공동 선언을 발표하였다.
D. 최초로 남북 간 이산가족 상봉을 성사시켰다.
","다음은 한국의 역사에 대한 문제이다.
다음이 일어난 때의 대한민국 정부의 통일 노력으로 옳은 것은?
정주영이 소 떼를 몰고 북한을 방문하였어요
IMF 구제 금융을 조기 상환한 이 정부 시기에 또 어떤 일들이 있었나요?
한일 월드컵 축구 대회가 개최 되었지요
A. 남북 기본 합의서를 채택하였다.
B. 남북한이 유엔에 동시 가입하였다.
C. 6• 15 남북 공동 선언을 발표하였다.
D. 최초로 남북 간 이산가족 상봉을 성사시켰다.
","Next is a question about Korea's history.
Which of the following was correct regarding the Korean government's unification efforts when the following occurred?
Chung Ju-young visited North Korea with a herd of cattle.
What else happened during this administration's early repayment of the IMF bailout?
The Korea-Japan World Cup soccer tournament was held.
A. The Inter-Korean Basic Agreement was adopted.
B. North and South Korea joined the United Nations at the same time.
C. 6• 15 North and South Korea joint declaration announced.
D. The first reunion of separated families between South and North Korea was achieved.
"
233,KHB_66_44,,"다음은 한국의 역사에 대한 문제이다.
다음 글의 '이 섬'에 대한 설명으로 옳은 것은?
우리나라 동쪽 끝에 있는 '이 섬'은 1900년 대한제국 칙령 41호에서 우리 영토임을 분명히 하였습니다.","['A. 정약전이 자산어보를 저술한 섬이다.', 'B. 하멜 일행이 표류하다 도착한 섬이다.', 'C. 이종무가 왜구를 소탕하기 위해 정벌한 섬이다.', 'D. 안용복이 일본에 가서 우리 영토임을 확인받은 섬이다.']",D,"A. 정약전이 자산어보를 저술한 섬이다.
B. 하멜 일행이 표류하다 도착한 섬이다.
C. 이종무가 왜구를 소탕하기 위해 정벌한 섬이다.
D. 안용복이 일본에 가서 우리 영토임을 확인받은 섬이다.
","다음은 한국의 역사에 대한 문제이다.
다음 글의 '이 섬'에 대한 설명으로 옳은 것은?
우리나라 동쪽 끝에 있는 '이 섬'은 1900년 대한제국 칙령 41호에서 우리 영토임을 분명히 하였습니다.
A. 정약전이 자산어보를 저술한 섬이다.
B. 하멜 일행이 표류하다 도착한 섬이다.
C. 이종무가 왜구를 소탕하기 위해 정벌한 섬이다.
D. 안용복이 일본에 가서 우리 영토임을 확인받은 섬이다.
","Next is a question about Korea's history.
Which of the following is a correct description of 'this island'?
'This island', located at the eastern end of Korea, was clearly declared to be our territory in the Korean Empire's Imperial Decree No. 41 in 1900.
A. This is the island where Jeong Yak-jeon wrote Jasaneobo.
B. This is the island that Hamel and his group arrived at while drifting.
C. This is the island that Lee Jong-mu conquered to eliminate Japanese pirates.
D. This is the island that Anyongbok went to Japan and confirmed as our territory.
"
234,KHB_66_45,,"다음은 한국의 역사에 대한 문제이다.
(가) 문화유산으로 옳은 것은?
이 실감 콘텐츠는 정조와 혜경궁이 함께 수원 화성에 행차하는 장면을 구현한 것으로, 조선 시대 왕실이나 국가의 중대한 행사를 글과 그림으로 기록한 책인 (가) 을/를 바탕으로 제작되었어요","['A. 의궤', 'B. 경국대전', 'C. 삼강행실도', 'D. 조선왕조실록']",A,"A. 의궤
B. 경국대전
C. 삼강행실도
D. 조선왕조실록
","다음은 한국의 역사에 대한 문제이다.
(가) 문화유산으로 옳은 것은?
이 실감 콘텐츠는 정조와 혜경궁이 함께 수원 화성에 행차하는 장면을 구현한 것으로, 조선 시대 왕실이나 국가의 중대한 행사를 글과 그림으로 기록한 책인 (가) 을/를 바탕으로 제작되었어요
A. 의궤
B. 경국대전
C. 삼강행실도
D. 조선왕조실록
","Next is a question about Korea's history.
(a) What is correct as cultural heritage?
This realistic content embodies the scene where King Jeongjo and Princess Hyegyeong go together to Hwaseong Fortress in Suwon, and was produced based on A, a book that records important events of the royal family or nation during the Joseon Dynasty in words and pictures.
A. Uigwe
B. Gyeongguk Daejeon
C. Samganghaengsildo
D. Annals of the Joseon Dynasty
"
235,KHB_66_47,,"다음은 한국의 역사에 대한 문제이다.
다음 글에서 설명한 원효, 혜초,지눌,유정의 또다른 업적으로 옳은 것은?
한국사 학습지
한국사에 큰 업적을 남긴 승격
이름:
※ 아래 제시된 역사 인물들의 활동을 조사해 봅시다.
원효
• 무애가를 지어 불교 대중화에 기여함.
혜초
• 인도• 중앙아시아 지역을 순례하고 왕오천축국전을 씀
지눌
• 돈오점수와 정혜쌍수를 내세움.
유정
•임진왜란 시기 의병을 일으켜 활약함.","['A. (원효) - 십문화쟁론을 저술함.', 'B. (혜초) - 해동 천태종을 창시함.', 'C. (지눌) - 세속 5계를 지음.', 'D. (유정) - 수선사 결사를 제창함.']",A,"A. (원효) - 십문화쟁론을 저술함.
B. (혜초) - 해동 천태종을 창시함.
C. (지눌) - 세속 5계를 지음.
D. (유정) - 수선사 결사를 제창함.
","다음은 한국의 역사에 대한 문제이다.
다음 글에서 설명한 원효, 혜초,지눌,유정의 또다른 업적으로 옳은 것은?
한국사 학습지
한국사에 큰 업적을 남긴 승격
이름:
※ 아래 제시된 역사 인물들의 활동을 조사해 봅시다.
원효
• 무애가를 지어 불교 대중화에 기여함.
혜초
• 인도• 중앙아시아 지역을 순례하고 왕오천축국전을 씀
지눌
• 돈오점수와 정혜쌍수를 내세움.
유정
•임진왜란 시기 의병을 일으켜 활약함.
A. (원효) - 십문화쟁론을 저술함.
B. (혜초) - 해동 천태종을 창시함.
C. (지눌) - 세속 5계를 지음.
D. (유정) - 수선사 결사를 제창함.
","Next is a question about Korea's history.
What are the other achievements of Wonhyo, Hyecho, Jinul, and Yujeong described in the following article?
Korean history workbook
Promotion that left great achievements in Korean history
name:
※ Let’s investigate the activities of the historical figures presented below.
Wonhyo
• Contributed to the popularization of Buddhism by writing shaman songs.
Hyecho
• Made a pilgrimage to India and Central Asia and wrote Wango Cheonchukgukjeon.
Jinul
• Promotes Donoh Jeomsu and Jeonghye Ssangsu.
oil well
•He was active in raising a volunteer army during the Japanese invasions of Korea.
A. (Wonhyo) - Wrote Ten Cultural Controversies.
B. (Hyecho) - Founded the Haedong Cheontae Order.
C. (Jinul) - Created the five worldly precepts.
D. (Yujeong) - Promotes the Suseonsa Association.
"
236,KHB_66_48,,"다음은 한국의 역사에 대한 문제이다.
(가)~(다)를 설립한 순서대로 옳게 나열한 것은?
시대별로 보는 교육 기관
(가) : 한양에 성균관과 4부 학당을 세우다.,
(나) : 국자감에 서적포를 설치하다.,
(다) : 태학과 경당에서 자제를 교육하다.","['A. (가) - (나) - (다)', 'B. (가) - (다) - (나)', 'C. (나) - (가) - (다)', 'D. (다) - (나) - (가)']",D,"A. (가) - (나) - (다)
B. (가) - (다) - (나)
C. (나) - (가) - (다)
D. (다) - (나) - (가)
","다음은 한국의 역사에 대한 문제이다.
(가)~(다)를 설립한 순서대로 옳게 나열한 것은?
시대별로 보는 교육 기관
(가) : 한양에 성균관과 4부 학당을 세우다.,
(나) : 국자감에 서적포를 설치하다.,
(다) : 태학과 경당에서 자제를 교육하다.
A. (가) - (나) - (다)
B. (가) - (다) - (나)
C. (나) - (가) - (다)
D. (다) - (나) - (가)
","Next is a question about Korea's history.
Which of the following correctly lists (a) to (c) in the order of establishment?
Educational institutions by era
(A): Establishment of Sungkyunkwan and the 4th branch academy in Hanyang.
(B): Installing a bookcase in Gukjagam.,
(C): Educating self-control in Taehak and Gyeongdang.
A. (a) - (b) - (c)
B. (a) - (c) - (b)
C. (B) - (A) - (C)
D. (c) - (b) - (a)
"
